accession	query_accession	hsp_count	query_length	subject_length	query_covered_residues	subject_covered_residues	query_coverage	target_coverage	percent_identity	alignment_length	min_evalue	sum_bitscore	interpro_signature_hits	n_terminal_ring_signature_hits	ring_coordinates	ring_evidence	c_terminal_brct_signature_hits	brct_repeat_count	brct_coordinates	brct_evidence	domain_qc_status
NP_009225.1	NP_009225.1	1	1863	1863	1863	1863	1	1	100	1863	0	3844	7	2	24-64	Pfam:PF00097:Zinc finger, C3HC4 type (RING finger)@24-64;SMART:SM00184:ring_2@24-64	4	2	1644-1726;1758-1845	Pfam:PF00533:BRCA1 C Terminus (BRCT) domain@1644-1723;Pfam:PF00533:BRCA1 C Terminus (BRCT) domain@1758-1842;SMART:SM00292:BRCT_7@1644-1726;SMART:SM00292:BRCT_7@1758-1845	pass
NP_001038958.1	NP_009225.1	1	1863	1863	1863	1863	1	1	98.229	1863	0	3766	7	2	24-64	Pfam:PF00097:Zinc finger, C3HC4 type (RING finger)@24-64;SMART:SM00184:ring_2@24-64	4	2	1644-1726;1758-1845	Pfam:PF00533:BRCA1 C Terminus (BRCT) domain@1644-1723;Pfam:PF00533:BRCA1 C Terminus (BRCT) domain@1758-1842;SMART:SM00292:BRCT_7@1644-1726;SMART:SM00292:BRCT_7@1758-1845	pass
NP_033894.3	NP_009225.1	1	1863	1812	1858	1800	0.997316	0.993377	55.985	1863	0	1845	7	2	24-64	Pfam:PF00097:Zinc finger, C3HC4 type (RING finger)@24-64;SMART:SM00184:ring_2@24-64	4	2	1587-1669;1699-1787	Pfam:PF00533:BRCA1 C Terminus (BRCT) domain@1592-1666;Pfam:PF00533:BRCA1 C Terminus (BRCT) domain@1699-1784;SMART:SM00292:BRCT_7@1587-1669;SMART:SM00292:BRCT_7@1700-1787	pass
XP_017204702.2	NP_009225.1	1	1863	1853	1859	1842	0.997853	0.994064	69.474	1864	0	2515	7	2	24-64	Pfam:PF00097:Zinc finger, C3HC4 type (RING finger)@24-64;SMART:SM00184:ring_2@24-64	4	2	1626-1709;1741-1828	Pfam:PF00533:BRCA1 C Terminus (BRCT) domain@1626-1706;Pfam:PF00533:BRCA1 C Terminus (BRCT) domain@1741-1825;SMART:SM00292:BRCT_7@1627-1709;SMART:SM00292:BRCT_7@1741-1828	pass
NP_001013434.1	NP_009225.1	1	1863	1878	1861	1869	0.998926	0.995208	74.12	1874	0	2667	7	2	24-64	Pfam:PF00097:Zinc finger, C3HC4 type (RING finger)@24-64;SMART:SM00184:ring_2@24-64	4	2	1647-1729;1766-1853	Pfam:PF00533:BRCA1 C Terminus (BRCT) domain@1663-1726;Pfam:PF00533:BRCA1 C Terminus (BRCT) domain@1766-1850;SMART:SM00292:BRCT_7@1647-1729;SMART:SM00292:BRCT_7@1766-1853	pass
NP_848668.1	NP_009225.1	1	1863	1849	1856	1849	0.996243	1	71.781	1864	0	2587	7	2	24-64	Pfam:PF00097:Zinc finger, C3HC4 type (RING finger)@24-64;SMART:SM00184:ring_2@24-64	4	2	1638-1719;1751-1838	Pfam:PF00533:BRCA1 C Terminus (BRCT) domain@1650-1716;Pfam:PF00533:BRCA1 C Terminus (BRCT) domain@1752-1835;SMART:SM00292:BRCT_7@1638-1719;SMART:SM00292:BRCT_7@1751-1838	pass
XP_014595447.2	NP_009225.1	1	1863	1856	1859	1856	0.997853	1	76.515	1865	0	2824	7	2	24-64	Pfam:PF00097:Zinc finger, C3HC4 type (RING finger)@24-64;SMART:SM00184:ring_2@24-64	4	2	1641-1723;1755-1842	Pfam:PF00533:BRCA1 C Terminus (BRCT) domain@1657-1720;Pfam:PF00533:BRCA1 C Terminus (BRCT) domain@1755-1839;SMART:SM00292:BRCT_7@1641-1723;SMART:SM00292:BRCT_7@1755-1842	pass
XP_003414318.3	NP_009225.1	1	1863	1858	1863	1853	1	0.997309	73.971	1871	0	2671	7	2	29-69	Pfam:PF00097:Zinc finger, C3HC4 type (RING finger)@29-69;SMART:SM00184:ring_2@29-69	4	2	1649-1721;1753-1840	Pfam:PF00533:BRCA1 C Terminus (BRCT) domain@1654-1718;Pfam:PF00533:BRCA1 C Terminus (BRCT) domain@1753-1837;SMART:SM00292:BRCT_7@1649-1721;SMART:SM00292:BRCT_7@1753-1840	pass
XP_058140293.1	NP_009225.1	1	1863	1839	1859	1839	0.997853	1	74.397	1867	0	2667	7	2	24-64	Pfam:PF00097:Zinc finger, C3HC4 type (RING finger)@24-64;SMART:SM00184:ring_2@24-64	4	2	1624-1706;1738-1825	Pfam:PF00533:BRCA1 C Terminus (BRCT) domain@1640-1703;Pfam:PF00533:BRCA1 C Terminus (BRCT) domain@1738-1822;SMART:SM00292:BRCT_7@1624-1706;SMART:SM00292:BRCT_7@1738-1825	pass
NP_001029141.1	NP_009225.1	1	1863	1840	1857	1834	0.996779	0.996739	46.215	1889	0	1321	7	2	24-64	Pfam:PF00097:Zinc finger, C3HC4 type (RING finger)@24-64;SMART:SM00184:ring_2@24-64	4	2	1615-1703;1735-1822	Pfam:PF00533:BRCA1 C Terminus (BRCT) domain@1632-1700;Pfam:PF00533:BRCA1 C Terminus (BRCT) domain@1735-1819;SMART:SM00292:BRCT_7@1615-1703;SMART:SM00292:BRCT_7@1735-1822	pass
NP_989500.1	NP_009225.1	3	1863	1749	1469	1487	0.788513	0.8502	36.585	1558	2.15e-82	669	7	2	24-65	Pfam:PF00097:Zinc finger, C3HC4 type (RING finger)@24-65;SMART:SM00184:ring_2@24-65	4	2	1535-1617;1648-1736	Pfam:PF00533:BRCA1 C Terminus (BRCT) domain@1546-1614;Pfam:PF00533:BRCA1 C Terminus (BRCT) domain@1648-1733;SMART:SM00292:BRCT_7@1535-1617;SMART:SM00292:BRCT_7@1649-1736	pass
XP_072775070.1	NP_009225.1	2	1863	1803	1138	1163	0.610843	0.645036	37.009	1197	8.3e-86	601	7	2	24-65	Pfam:PF00097:Zinc finger, C3HC4 type (RING finger)@24-65;SMART:SM00184:ring_2@24-65	4	2	1591-1673;1705-1792	Pfam:PF00533:BRCA1 C Terminus (BRCT) domain@1597-1670;Pfam:PF00533:BRCA1 C Terminus (BRCT) domain@1705-1789;SMART:SM00292:BRCT_7@1591-1673;SMART:SM00292:BRCT_7@1705-1792	pass
XP_019406054.1	NP_009225.1	1	1863	1845	210	210	0.112721	0.113821	66.667	210	5.99e-89	314	7	2	24-65	Pfam:PF00097:Zinc finger, C3HC4 type (RING finger)@24-65;SMART:SM00184:ring_2@24-65	4	2	1629-1713;1745-1832	Pfam:PF00533:BRCA1 C Terminus (BRCT) domain@1631-1710;Pfam:PF00533:BRCA1 C Terminus (BRCT) domain@1745-1829;SMART:SM00292:BRCT_7@1629-1713;SMART:SM00292:BRCT_7@1745-1832	pass
XP_023967135.2	NP_009225.1	1	1863	1908	1857	1907	0.996779	0.999476	37.562	2010	0	858	7	2	24-65	Pfam:PF00097:Zinc finger, C3HC4 type (RING finger)@24-65;SMART:SM00184:ring_2@24-65	4	2	1695-1777;1809-1895	Pfam:PF00533:BRCA1 C Terminus (BRCT) domain@1701-1774;Pfam:PF00533:BRCA1 C Terminus (BRCT) domain@1809-1892;SMART:SM00292:BRCT_7@1695-1777;SMART:SM00292:BRCT_7@1809-1895	pass
XP_008111382.1	NP_009225.1	3	1863	1697	1156	1112	0.620505	0.655274	34.241	1212	1.87e-78	455.9	7	2	24-64	Pfam:PF00097:Zinc finger, C3HC4 type (RING finger)@24-64;SMART:SM00184:ring_2@24-64	4	2	1481-1567;1598-1686	Pfam:PF00533:BRCA1 C Terminus (BRCT) domain@1485-1564;Pfam:PF00533:BRCA1 C Terminus (BRCT) domain@1598-1682;SMART:SM00292:BRCT_7@1481-1567;SMART:SM00292:BRCT_7@1599-1686	pass
XP_026576759.1	NP_009225.1	3	1863	1563	914	926	0.490607	0.59245	36.68	1006	1.96e-80	487.7	6	2	23-64	Pfam:PF13923:Zinc finger, C3HC4 type (RING finger)@23-64;SMART:SM00184:ring_2@24-64	4	2	1343-1425;1456-1544	Pfam:PF00533:BRCA1 C Terminus (BRCT) domain@1352-1422;Pfam:PF00533:BRCA1 C Terminus (BRCT) domain@1456-1541;SMART:SM00292:BRCT_7@1343-1425;SMART:SM00292:BRCT_7@1457-1544	pass
NP_001107963.1	NP_009225.1	2	1863	1592	719	687	0.385937	0.431533	36.536	739	4.65e-65	400	7	2	19-60	Pfam:PF00097:Zinc finger, C3HC4 type (RING finger)@19-60;SMART:SM00184:ring_2@19-60	4	2	1368-1462;1494-1582	Pfam:PF00533:BRCA1 C Terminus (BRCT) domain@1385-1459;Pfam:PF00533:BRCA1 C Terminus (BRCT) domain@1495-1579;SMART:SM00292:BRCT_7@1368-1462;SMART:SM00292:BRCT_7@1494-1582	pass
XP_029429046.1	NP_009225.1	2	1863	1920	1090	1140	0.585078	0.59375	37.478	1158	1.97e-87	592	7	2	24-65	Pfam:PF00097:Zinc finger, C3HC4 type (RING finger)@24-65;SMART:SM00184:ring_2@24-65	4	2	1706-1788;1820-1907	Pfam:PF00533:BRCA1 C Terminus (BRCT) domain@1717-1785;Pfam:PF00533:BRCA1 C Terminus (BRCT) domain@1820-1903;SMART:SM00292:BRCT_7@1706-1788;SMART:SM00292:BRCT_7@1820-1907	pass
