analysis_id	citation_id	publication_date	title	journal	doi	pmid	pmcid	broad_group	taxon_scope	gene_or_markers	conservation_class	conservation_scope	conservation_basis	molecule_type	dataset_scale	msa_tool	msa_version	msa_parameters	msa_reporting_status	trimming_method	trimming_version	trimming_parameters	trimming_status	tree_method	evidence_location	source_url	retrieved_at	curator_note
metainvert-busco	collins-2023	2023-12-08	The MetaInvert soil invertebrate genome resource provides insights into below-ground biodiversity and evolution	Communications Biology	10.1038/s42003-023-05621-4	38066075	PMC10709333	animals	350 soil-invertebrate and RefSeq metazoan genomes	141 BUSCO orthologues present in at least 75% of assemblies	universal-or-deep-core	across Metazoa, sampled through soil invertebrates and RefSeq metazoans	BUSCO orthologues retained across hundreds of assemblies form a deep core-marker panel; the study does not report a sequence-identity or evolutionary-rate threshold.	not explicitly reported	141 loci	MAFFT	7.481	1000 iterative refinements; pairwise strategy and other options not reported	partial	ClipKIT	1.1.5	Retained parsimony-informative and completely conserved sites; exact CLI mode not reported	partial	IQ-TREE 2.0.3; four ML searches; 1000 bootstrap replicates	Methods: phylogenomics	https://pmc.ncbi.nlm.nih.gov/articles/PMC10709333/	2026-08-24	Broad supermatrix precedent; molecule type must not be inferred from the BUSCO label alone.
vertebrate-chemoreceptor-template	policarpo-2024	2024-02-15	Diversity and evolution of the vertebrate chemoreceptor gene repertoire	Nature Communications	10.1038/s41467-024-45500-y	38360851	PMC10869828	animals	1527 vertebrate genomes	OR, TAAR, V1R, V2R, T1R and T2R families	variable-multigene-family	across vertebrates represented by 1527 genomes	OR, TAAR, V1R, V2R, T1R and T2R are multi-copy receptor families analyzed as repertoires rather than single-copy species markers.	protein	Very large gene families	MAFFT	7.467	Curated family template followed by --add for complete seven-transmembrane proteins; template mode not reported	partial	not reported	NA	No trimming or masking step was reported for the gene-tree workflow	not-reported	FastTree2 defaults for full families; IQ-TREE2, ModelFinder and 1000 UFBoot for representative subsets	Methods: phylogenetic analyses	https://pmc.ncbi.nlm.nih.gov/articles/PMC10869828/	2026-08-24	Not-reported is not evidence that the authors deliberately avoided trimming.
insect-gt1-ensemble	wu-2024	2024-05-31	Duplications and Losses of the Detoxification Enzyme Glycosyltransferase 1 Are Related to Insect Adaptations to Plant Feeding	International Journal of Molecular Sciences	10.3390/ijms25116080	38892266	PMC11173166	animals	168 arthropod species	Glycosyltransferase 1 proteins	variable-multigene-family	across arthropods, with broad sampling of insect orders	Glycosyltransferase 1 proteins were analyzed as a large family with duplication and loss histories, not as a universal single-copy marker.	protein	Large gene family	MAFFT; MUSCLE; Clustal Omega	7.520; 5.1; 1.2.4	Three independent alignments refined with RASCAL 1.34; highest NorMD 1.2 score selected	partial	not reported	NA	No generic trimming step was reported for the GT1 gene tree	not-reported	FastTree 2.1.11 for the full GT1 tree; IQ-TREE 2.2.0 for five order-specific reconciliation trees	Methods: gene tree inference	https://pmc.ncbi.nlm.nih.gov/articles/PMC11173166/	2026-08-24	Demonstrates alignment-method sensitivity and objective alignment selection; the full-family and order-specific trees used different inference programs.
neoavian-uce	mirarab-2024	2024-04-01	A region of suppressed recombination misleads neoavian phylogenomics	Proceedings of the National Academy of Sciences	10.1073/pnas.2319506121	38557186	PMC11009670	animals	57 bird genomes	5472 UCE loci with 1-kb flanks	clade-conserved-marker	across Neoaves and the broader sampled bird phylogeny	UCE loci with conserved cores and flanking sequence are targeted avian phylogenetic markers rather than a protein-family repertoire.	nucleotide	Thousands of conserved loci	MAFFT	7.475	Mode and options not reported	partial	Gblocks	0.91b	Options not reported	partial	IQ-TREE2 2.1.3; GTR+I+G; 1000 ultrafast bootstraps	Methods: phylogenomic analyses	https://pmc.ncbi.nlm.nih.gov/articles/PMC11009670/	2026-08-24	Recent conserved-nucleotide example; missing Gblocks options remain explicit.
fin-whale-mitogenome	furni-2024	2024-08-19	Phylogenomics and Pervasive Genome-Wide Phylogenetic Discordance Among Fin Whales	Systematic Biology	10.1093/sysbio/syae049	39158356	PMC11637684	animals	Fin whales from multiple ocean basins with humpback whale outgroups	Whole mitochondrial genomes	clade-conserved-marker	within fin whales across ocean basins, with humpback whale outgroups	Whole mitochondrial genomes provide a shared organellar marker at this cetacean comparison scale.	nucleotide	Two mitogenome datasets including 161 public mitogenomes	MAFFT	7.4	--auto	exact	Manual terminal curation in Jalview	2.11	Alignment inspected and both terminal ends trimmed; exact coordinates are dataset-specific	partial	IQ-TREE 2.2; GTR+GAMMA; 20 topology searches; 1000 bootstraps	Methods: mitochondrial phylogenetic analyses	https://pmc.ncbi.nlm.nih.gov/articles/PMC11637684/	2026-08-24	Close collinear mitogenomes received auditable terminal cleanup rather than generic internal-column trimming.
hemipteran-busco	song-2024	2024-09-02	Phylogeny and evolution of hemipteran insects based on expanded genomic and transcriptomic data	BMC Biology	10.1186/s12915-024-01991-1	39218865	PMC11367992	animals	315 terminals including 298 Hemiptera	BUSCO single-copy nuclear loci	universal-or-deep-core	across Hemiptera and the broader arthropod outgroup sampling	BUSCO single-copy nuclear loci provide an ancient, high-retention core-marker panel for deep phylogenomics.	nucleotide and protein	Average 1625 loci per species	MAFFT	7.407	L-INS-i	exact	trimAl; BMGE	1.4.1; not reported	Options not reported; followed by locus completeness, composition, homology and informativeness filters	partial	IQ-TREE 2.2.15; ASTRAL 5.7.1; nucleotide and amino-acid sensitivity matrices	Methods: phylogenetic analyses	https://pmc.ncbi.nlm.nih.gov/articles/PMC11367992/	2026-08-24	Shows that site trimming alone is insufficient for a large phylogenomic matrix.
chaetognath-gene-families	piovani-2025	2025-08-13	The genomic origin of the unique chaetognath body plan	Nature	10.1038/s41586-025-09403-2	40804517	PMC12460157	animals	Metazoan proteomes centered on Paraspadella gotoi and gnathiferans	Gene families with more than 6 genes and 3 species and fewer than 400 sequences	variable-multigene-family	across Metazoa, centered on chaetognaths and gnathiferans	The workflow selects multi-member gene families for gene-tree and reconciliation analyses, so copy-number history is intrinsic to the marker architecture.	protein	Moderate gene families	MAFFT	7.471	Mode and options not reported	partial	ClipKIT	1.1.6	-m gappy	exact	IQ-TREE 2.1.1 under LG+R; GeneRax 2.1.3 reconciliation	Methods: gene-family phylogenies	https://pmc.ncbi.nlm.nih.gov/articles/PMC12460157/	2026-08-24	Exact ClipKIT gappy precedent for moderate broadly sampled protein families.
arachnid-npc2-codon	liu-2026	2026-03-28	Lineage-specific expansion and positive selection of NPC2 genes in the crab spider Ebrechtella tricuspidata and other arachnids	BMC Genomics	10.1186/s12864-026-12756-1	41904369	PMC13151251	animals	155 sequences from 21 arthropods including 19 arachnids and 2 insect outgroups	NPC2 genes	variable-multigene-family	across arachnids, with two insect outgroups	NPC2 homologues include lineage-specific expansions and are analyzed as a multi-copy family rather than a species-tree core marker.	protein-guided codon	155 sequences	MAFFT; PAL2NAL	7.505; not reported	L-INS-i protein alignment followed by PAL2NAL back-translation	partial	trimAl	1.5	-automated1	exact	IQ-TREE2 2.1.4-beta; codon-position partitions; ModelFinder; 1000 UFBoot2 plus SH-aLRT	Methods: phylogenetic and selection analyses	https://pmc.ncbi.nlm.nih.gov/articles/PMC13151251/	2026-08-24	The authors report trimming the PAL2NAL nucleotide alignment directly; triplet-preserving removal was not documented, so do not treat this as a codon-safe default.
angiosperms353-global	zuntini-2024	2024-04-24	Phylogenomics and the rise of the angiosperms	Nature	10.1038/s41586-024-07324-0	38658746	PMC11111409	plants	7923 angiosperm genera with 12 gymnosperm outgroups	353 nuclear Angiosperms353 loci	clade-conserved-marker	across angiosperms at genus scale, with gymnosperm outgroups	Angiosperms353 is a targeted nuclear-locus panel designed for phylogenetic comparison within the named plant clade.	nucleotide coding loci	Nearly 8000 genera	MAFFT	7.480	FFT-NS-i with --retree 2 --maxiterate 1000 --adjustdirection; order-level subalignments merged with up to 100 refinement iterations	exact	Phyutility; TreeShrink	versions not reported	Removed sites with more than 90% missing data; TreeShrink all-genes removed long-branch sequence outliers before realignment	partial	IQ-TREE 2.2.0-beta and FastTree 2.1.10 gene trees; ASTRAL species trees	Methods: phylogenomic inference	https://pmc.ncbi.nlm.nih.gov/articles/PMC11111409/	2026-08-24	Large-scale divide-and-conquer alignment plus missing-data and sequence-outlier filtering.
tree-grape-orthogroups	ma-2026	2026-06-08	Genomic and ecological drivers of parallel arid adaptation in tree grapes (Vitaceae)	Nature Communications	10.1038/s41467-026-74005-z	NA	NA	plants	151 Vitaceae taxa	5223 initial orthogroups filtered to 1367 syntenic single-copy orthogroups	clade-conserved-marker	across Vitaceae	Syntenic single-copy orthogroups were selected within the family as clade-level nuclear phylogenetic markers.	coding nucleotide	Thousands of orthogroups	MAFFT	7.520	L-INS-i	exact	trimAl	1.4.rev22	-automated1; alignments shorter than 450 bp removed	exact	IQ-TREE 2.3.4 gene trees and partitioned concatenation; ASTRAL 5.7.8	Methods: phylogenomic analyses	https://www.nature.com/articles/s41467-026-74005-z	2026-08-24	The final recovered-ortholog pass was also manually inspected, but its trimAl option was not restated.
carnivorous-fungi-mafft-gblocks	yang-2024	2024-08-29	Characterization of genome-wide phylogenetic conflict uncovers evolutionary modes of carnivorous fungi	mBio	10.1128/mbio.02133-24	39207102	PMC11481490	fungi	23 nematode-trapping fungal genomes with Dactylella cylindrospora as outgroup	2944 universal single-copy orthologs	clade-conserved-marker	across nematode-trapping fungi, with Dactylella cylindrospora as outgroup	The 2944 single-copy orthologs constitute the shared phylogenetic marker panel for this fungal clade; this row changes the alignment and filtering pipeline, not marker scope.	nucleotide CDS and protein	2944 loci	MAFFT	7.520	Mode and options not reported	partial	Gblocks	0.91b	Mode and options not reported	partial	IQ-TREE 2.2.2.7; 1000 replicates	Methods: two-strategy phylogenomics	https://pmc.ncbi.nlm.nih.gov/articles/PMC11481490/	2026-08-24	One of two sensitivity pipelines; genes giving method-inconsistent trees were excluded.
carnivorous-fungi-clustalo-clipkit	yang-2024	2024-08-29	Characterization of genome-wide phylogenetic conflict uncovers evolutionary modes of carnivorous fungi	mBio	10.1128/mbio.02133-24	39207102	PMC11481490	fungi	23 nematode-trapping fungal genomes with Dactylella cylindrospora as outgroup	2944 universal single-copy orthologs	clade-conserved-marker	across nematode-trapping fungi, with Dactylella cylindrospora as outgroup	The 2944 single-copy orthologs constitute the shared phylogenetic marker panel for this fungal clade; this row changes the alignment and filtering pipeline, not marker scope.	nucleotide CDS and protein	2944 loci	Clustal Omega	1.2.4	Options not reported	partial	ClipKIT	2.2.2	Mode and options not reported	partial	IQ-TREE 2.2.2.6; 1000 replicates	Methods: two-strategy phylogenomics	https://pmc.ncbi.nlm.nih.gov/articles/PMC11481490/	2026-08-24	Second sensitivity pipeline; compare with the MAFFT plus Gblocks row from the same citation.
fungi-timetree-markers	moody-2025	2025-10-01	A timetree of Fungi dated with fossils and horizontal gene transfers	Nature Ecology & Evolution	10.1038/s41559-025-02851-z	41034649	PMC12592215	fungi	110 fungi plus 43 other eukaryotes	225 protein markers	universal-or-deep-core	across Fungi with selected non-fungal eukaryotic references	The 225 protein markers were assembled as a deep, broadly retained core panel for fungal phylogeny and dating.	protein	95968 amino-acid sites in the extended supermatrix	MAFFT	7.313 for preliminary screen; final version not restated	L-INS-i preliminary screen; final extended alignment used --linsi	partial	trimAl	1.2rev59	-gappyout	exact	IQ-TREE and CAT-PMSF workflow; fossil and horizontal-transfer dating	Methods: marker selection and phylogenomics	https://pmc.ncbi.nlm.nih.gov/articles/PMC12592215/	2026-08-24	Deep protein supermatrix with explicit gappyout filtering and richer-model analysis.
am-fungi-rdna	tedersoo-2024	2024-08-09	Phylogenetic classification of arbuscular mycorrhizal fungi: new species and higher-ranking taxa in Glomeromycota and Mucoromycota (class Endogonomycetes)	MycoKeys	10.3897/mycokeys.107.125549	39169987	PMC11336396	fungi	Database-scale Glomeromycota and Endogonomycetes sampling	SSU, LSU and SSU-ITS-LSU rDNA datasets	mixed-conservation-panel	across Glomeromycota and Endogonomycetes at database scale	The workflow combines SSU, LSU and SSU-ITS-LSU datasets, mixing conserved ribosomal regions with the more variable ITS region.	nucleotide rDNA	Database-scale; final count not stated	MAFFT	7	Algorithm and options not reported	partial	AliView manual curation; ClipKIT	1.26; 1.4.0	Removed overhangs and unalignable regions including much ITS; ClipKIT mode not reported	partial	IQ-TREE 2.2.5; 1000 trees and 1000 ultrafast bootstraps	Methods: alignment and phylogeny	https://pmc.ncbi.nlm.nih.gov/articles/PMC11336396/	2026-08-24	Automated trimming did not replace explicit removal of unalignable ITS regions.
ascetosporea-orthologs	galindo-2024	2024-05-03	Comparative genomics of Ascetosporea gives new insight into the evolutionary basis for animal parasitism in Rhizaria	BMC Biology	10.1186/s12915-024-01898-x	38702750	PMC11069148	protists	56 rhizarian and outgroup taxa	225 single-copy orthologs	universal-or-deep-core	across Rhizaria with selected outgroups	The 225 single-copy orthologs form a deep core-marker supermatrix used to resolve broad rhizarian relationships.	protein	67786 amino-acid positions	MAFFT	7.310	E-INS-i	exact	trimAl	1.2	-gappyout	exact	IQ-TREE2 2.2.0.3; LG+C60+G+F; 1000 UFBoot; PhyloBayes and ASTRAL sensitivity analyses	Methods: phylogenomic analyses	https://pmc.ncbi.nlm.nih.gov/articles/PMC11069148/	2026-08-24	Deep protist protein phylogenomics with explicit E-INS-i and gappyout.
complex-plastid-untrimmed	sibbald-2024	2024-09-06	A New Model and Dating for the Evolution of Complex Plastids of Red Alga Origin	Genome Biology and Evolution	10.1093/gbe/evae192	39240751	PMC11413572	protists	112 red algae and organisms with red-algal-derived plastids	97 conserved plastid-encoded proteins	clade-conserved-marker	across red algae and eukaryotes bearing red-algal-derived plastids	The 97 conserved plastid-encoded proteins form an organellar marker panel; this row is the untrimmed sensitivity treatment of the same loci.	protein	97 loci across 112 taxa	MAFFT	version not reported	L-INS-i; visual assessment in AliView	partial	None	NA	Original untrimmed alignment retained as an explicit sensitivity comparator	explicit-none	IQ-TREE and RAxML ML analyses; Bayesian dating used a selected trimmed matrix	Methods: alignment-trimming sensitivity analysis	https://pmc.ncbi.nlm.nih.gov/articles/PMC11413572/	2026-08-24	Explicit untrimmed comparator; this is not missing reporting.
complex-plastid-clipkit-gappy	sibbald-2024	2024-09-06	A New Model and Dating for the Evolution of Complex Plastids of Red Alga Origin	Genome Biology and Evolution	10.1093/gbe/evae192	39240751	PMC11413572	protists	112 red algae and organisms with red-algal-derived plastids	97 conserved plastid-encoded proteins	clade-conserved-marker	across red algae and eukaryotes bearing red-algal-derived plastids	The 97 conserved plastid-encoded proteins form an organellar marker panel; the ClipKIT treatment changes column selection, not conservation scope.	protein	97 loci across 112 taxa	MAFFT	version not reported	L-INS-i; visual assessment in AliView	partial	ClipKIT	version not reported	gappy	partial	IQ-TREE and RAxML sensitivity trees	Methods: alignment-trimming sensitivity analysis	https://pmc.ncbi.nlm.nih.gov/articles/PMC11413572/	2026-08-24	One of seven reported trimming profiles.
complex-plastid-clipkit-kpic	sibbald-2024	2024-09-06	A New Model and Dating for the Evolution of Complex Plastids of Red Alga Origin	Genome Biology and Evolution	10.1093/gbe/evae192	39240751	PMC11413572	protists	112 red algae and organisms with red-algal-derived plastids	97 conserved plastid-encoded proteins	clade-conserved-marker	across red algae and eukaryotes bearing red-algal-derived plastids	The 97 conserved plastid-encoded proteins form an organellar marker panel; the ClipKIT treatment changes column selection, not conservation scope.	protein	97 loci across 112 taxa	MAFFT	version not reported	L-INS-i; visual assessment in AliView	partial	ClipKIT	version not reported	kpic	partial	IQ-TREE and RAxML sensitivity trees	Methods: alignment-trimming sensitivity analysis	https://pmc.ncbi.nlm.nih.gov/articles/PMC11413572/	2026-08-24	One of seven reported trimming profiles.
complex-plastid-clipkit-kpic-smart-gap	sibbald-2024	2024-09-06	A New Model and Dating for the Evolution of Complex Plastids of Red Alga Origin	Genome Biology and Evolution	10.1093/gbe/evae192	39240751	PMC11413572	protists	112 red algae and organisms with red-algal-derived plastids	97 conserved plastid-encoded proteins	clade-conserved-marker	across red algae and eukaryotes bearing red-algal-derived plastids	The 97 conserved plastid-encoded proteins form an organellar marker panel; the ClipKIT treatment changes column selection, not conservation scope.	protein	97 loci across 112 taxa	MAFFT	version not reported	L-INS-i; visual assessment in AliView	partial	ClipKIT	version not reported	kpic-smart-gap	partial	IQ-TREE and RAxML sensitivity trees	Methods: alignment-trimming sensitivity analysis	https://pmc.ncbi.nlm.nih.gov/articles/PMC11413572/	2026-08-24	One of seven reported trimming profiles.
complex-plastid-clipkit-smart-gap	sibbald-2024	2024-09-06	A New Model and Dating for the Evolution of Complex Plastids of Red Alga Origin	Genome Biology and Evolution	10.1093/gbe/evae192	39240751	PMC11413572	protists	112 red algae and organisms with red-algal-derived plastids	97 conserved plastid-encoded proteins	clade-conserved-marker	across red algae and eukaryotes bearing red-algal-derived plastids	The 97 conserved plastid-encoded proteins form an organellar marker panel; the ClipKIT treatment changes column selection, not conservation scope.	protein	97 loci across 112 taxa	MAFFT	version not reported	L-INS-i; visual assessment in AliView	partial	ClipKIT	version not reported	smart-gap	partial	IQ-TREE and RAxML sensitivity trees; selected for Bayesian dating	Methods: alignment-trimming sensitivity analysis	https://pmc.ncbi.nlm.nih.gov/articles/PMC11413572/	2026-08-24	One of seven profiles and the matrix selected for dating.
complex-plastid-trimal-automated1	sibbald-2024	2024-09-06	A New Model and Dating for the Evolution of Complex Plastids of Red Alga Origin	Genome Biology and Evolution	10.1093/gbe/evae192	39240751	PMC11413572	protists	112 red algae and organisms with red-algal-derived plastids	97 conserved plastid-encoded proteins	clade-conserved-marker	across red algae and eukaryotes bearing red-algal-derived plastids	The 97 conserved plastid-encoded proteins form an organellar marker panel; the trimAl treatment changes column selection, not conservation scope.	protein	97 loci across 112 taxa	MAFFT	version not reported	L-INS-i; visual assessment in AliView	partial	trimAl	version not reported	automated1	partial	IQ-TREE and RAxML sensitivity trees	Methods: alignment-trimming sensitivity analysis	https://pmc.ncbi.nlm.nih.gov/articles/PMC11413572/	2026-08-24	One of seven reported trimming profiles.
complex-plastid-trimal-gappyout	sibbald-2024	2024-09-06	A New Model and Dating for the Evolution of Complex Plastids of Red Alga Origin	Genome Biology and Evolution	10.1093/gbe/evae192	39240751	PMC11413572	protists	112 red algae and organisms with red-algal-derived plastids	97 conserved plastid-encoded proteins	clade-conserved-marker	across red algae and eukaryotes bearing red-algal-derived plastids	The 97 conserved plastid-encoded proteins form an organellar marker panel; the trimAl treatment changes column selection, not conservation scope.	protein	97 loci across 112 taxa	MAFFT	version not reported	L-INS-i; visual assessment in AliView	partial	trimAl	version not reported	gappyout	partial	IQ-TREE and RAxML sensitivity trees	Methods: alignment-trimming sensitivity analysis	https://pmc.ncbi.nlm.nih.gov/articles/PMC11413572/	2026-08-24	One of seven reported trimming profiles.
complex-plastid-trimal-strict	sibbald-2024	2024-09-06	A New Model and Dating for the Evolution of Complex Plastids of Red Alga Origin	Genome Biology and Evolution	10.1093/gbe/evae192	39240751	PMC11413572	protists	112 red algae and organisms with red-algal-derived plastids	97 conserved plastid-encoded proteins	clade-conserved-marker	across red algae and eukaryotes bearing red-algal-derived plastids	The 97 conserved plastid-encoded proteins form an organellar marker panel; the trimAl treatment changes column selection, not conservation scope.	protein	97 loci across 112 taxa	MAFFT	version not reported	L-INS-i; visual assessment in AliView	partial	trimAl	version not reported	strict	partial	IQ-TREE and RAxML sensitivity trees	Methods: alignment-trimming sensitivity analysis	https://pmc.ncbi.nlm.nih.gov/articles/PMC11413572/	2026-08-24	One of seven reported trimming profiles.
dpann-archaeal-markers	hamm-2024	2024-07-31	The parasitic lifestyle of an archaeal symbiont	Nature Communications	10.1038/s41467-024-49962-y	39085207	PMC11291902	archaea	DPANN and other archaeal references	51 non-redundant marker proteins and pili genes	mixed-conservation-panel	across DPANN and broader archaeal reference lineages	The analysis combines a 51-protein archaeal marker supermatrix with separate pili-gene families, so the row spans core and functional markers.	protein	51-marker supermatrix plus single-gene trees	MAFFT	7.407	L-INS-i --reorder	exact	BMGE	1.12	-t AA -m BLOSUM30 -h 0.55	exact	IQ-TREE 1.6.7; profile mixture models; 1000 UFBoot and SH-aLRT	Methods: phylogenomic and pili-gene analyses	https://pmc.ncbi.nlm.nih.gov/articles/PMC11291902/	2026-08-24	Exact deep-archaeal protein workflow applied to both marker and pili trees.
pseudomonadota-species-markers	chobert-2025	2025-01-02	Dynamic quinone repertoire accompanied the diversification of energy metabolism in Pseudomonadota	The ISME Journal	10.1093/ismejo/wrae253	39693360	PMC11707229	bacteria	112 representative Pseudomonadota and outgroup genomes	41 marker proteins	clade-conserved-marker	across Pseudomonadota, with prokaryotic outgroups	The 41 marker proteins were selected as the shared species-tree panel for this bacterial clade.	protein	41-marker species-tree supermatrix	MAFFT	version not restated	L-INS-i	partial	ClipKIT	version not restated	kpic	partial	IQ-TREE species tree	Methods: species-tree reconstruction	https://pmc.ncbi.nlm.nih.gov/articles/PMC11707229/	2026-08-24	Version details were not repeated for this species-tree workflow; do not borrow them from the single-protein workflow.
pseudomonadota-quinone-proteins	chobert-2025	2025-01-02	Dynamic quinone repertoire accompanied the diversification of energy metabolism in Pseudomonadota	The ISME Journal	10.1093/ismejo/wrae253	39693360	PMC11707229	bacteria	Pseudomonadota with prokaryotic outgroups	Quinone-pathway proteins other than RquA	broadly-conserved-gene-family	across Pseudomonadota, with broader prokaryotic homologues	Quinone-pathway enzymes were reconstructed as individual broadly sampled protein-family trees rather than as universal species markers.	protein	Single-protein trees	MAFFT	7.487	L-INS-i	exact	BMGE	2.00	Default parameters with BLOSUM30	exact	IQ-TREE 2.2.0.3; ModelFinder; 1000 UFBoot and SH-aLRT	Methods: phylogenetic reconstructions	https://pmc.ncbi.nlm.nih.gov/articles/PMC11707229/	2026-08-24	General pathway-protein workflow; RquA used a different filter and is a separate row.
pseudomonadota-rqua	chobert-2025	2025-01-02	Dynamic quinone repertoire accompanied the diversification of energy metabolism in Pseudomonadota	The ISME Journal	10.1093/ismejo/wrae253	39693360	PMC11707229	bacteria	Pseudomonadota with prokaryotic outgroups	RquA	broadly-conserved-gene-family	across Pseudomonadota, with broader prokaryotic homologues	RquA is treated as a broadly sampled quinone-related protein family, not as a universal single-copy core marker.	protein	Single-protein tree	MAFFT	7.487	L-INS-i	exact	ClipKIT	1.4.1	kpic	exact	IQ-TREE 2.2.0.3; ModelFinder; 1000 UFBoot and SH-aLRT	Methods: phylogenetic reconstructions	https://pmc.ncbi.nlm.nih.gov/articles/PMC11707229/	2026-08-24	Gene-specific exception to the paper's BMGE workflow.
nucleocytovirus-core-genes	kijima-2024	2024-08-02	Complex Genomes of Early Nucleocytoviruses Revealed by Ancient Origins of Viral Aminoacyl-tRNA Synthetases	Molecular Biology and Evolution	10.1093/molbev/msae149	39099254	PMC11304981	viruses	Nucleocytoviruses with cellular homologues	Eight core genes and aminoacyl-tRNA synthetases	mixed-conservation-panel	across nucleocytoviruses, with cellular homologues where relevant	The workflow combines eight viral core genes with aminoacyl-tRNA synthetase families, spanning viral core markers and broader cellular enzyme homologues.	protein	Thousands of viral MAGs plus 224 reference genomes	MAFFT	7.487	E-INS-i	exact	trimAl	1.4.rev15	Removed sites with gaps in more than 75% of sequences	exact	IQ-TREE 2.1.3; ModelFinder; SH-aLRT, UFBoot and TBE support	Methods: phylogenetic analysis	https://pmc.ncbi.nlm.nih.gov/articles/PMC11304981/	2026-08-24	Do not translate the prose threshold into a CLI flag unless trimAl semantics and the exact command are independently verified.
nucleocytovirus-aars-sensitivity	kijima-2024	2024-08-02	Complex Genomes of Early Nucleocytoviruses Revealed by Ancient Origins of Viral Aminoacyl-tRNA Synthetases	Molecular Biology and Evolution	10.1093/molbev/msae149	39099254	PMC11304981	viruses	Nucleocytoviruses and cellular homologues	GlyRS, IleRS, PheRS, AspRS, GluRS, LeuRS and LysRS	broadly-conserved-gene-family	across nucleocytoviruses and cellular lineages represented by aaRS homologues	Seven aminoacyl-tRNA synthetase enzyme families were sampled across viral and cellular taxa; they are broad protein families rather than one viral core-marker set.	protein	Seven aaRS sensitivity analyses	MAFFT	7.487	E-INS-i	exact	trimAl	1.4.rev15	Removed sites with gaps in more than 50% of sequences	exact	IQ-TREE 2.1.3 with constrained-tree AU tests	Methods: phylogenetic analysis	https://pmc.ncbi.nlm.nih.gov/articles/PMC11304981/	2026-08-24	A stricter gap sensitivity analysis than the eight-core-gene workflow.
bat-coronavirus-rdrp	figueiroa-2025	2025-01-24	Alpha and Betacoronavirus Detection in Neotropical Bats from Northeast Brazil Suggests Wide Geographical Distribution and Persistence in Natural Populations	Animals	10.3390/ani15030332	39943102	PMC11816360	viruses	Brazilian bat coronaviruses with Coronaviridae references	Partial RdRp fragments	clade-conserved-marker	across sampled Coronaviridae, centered on Brazilian bat coronaviruses	Partial translated RdRp is used as a conserved viral target marker for family-level phylogenetic placement.	protein	Short translated fragments placed against full RdRp references	MAFFT online	7.0	Default server parameters; exact server strategy and point release were not frozen	partial	None	NA	The paper explicitly states that no trimming was performed	explicit-none	IQ-TREE 2.0; ModelFinder; aLRT and 1000 UFBoot	Methods: Coronaviridae sequence recovery and phylogenetic analysis	https://pmc.ncbi.nlm.nih.gov/articles/PMC11816360/	2026-08-24	Explicit no-trim precedent for this short-fragment placement; not a general viral default.
bat-coronavirus-rdrp-nucleotide	figueiroa-2025	2025-01-24	Alpha and Betacoronavirus Detection in Neotropical Bats from Northeast Brazil Suggests Wide Geographical Distribution and Persistence in Natural Populations	Animals	10.3390/ani15030332	39943102	PMC11816360	viruses	Brazilian bat coronaviruses within Coronavirus genera	Partial RdRp fragments	clade-conserved-marker	within sampled coronavirus genera containing the Brazilian bat sequences	Partial RdRp nucleotide sequences are added to curated genus-level reference alignments as a targeted viral marker.	nucleotide	Partial sequences added to curated genus-level reference alignments	MAFFT online	7.0	--add --keeplength; exact server point release was not frozen	partial	not reported	NA	No trimming or masking step was reported for the nucleotide workflow	not-reported	IQ-TREE 2.0; ModelFinder; aLRT and 1000 UFBoot	Methods: Coronaviridae sequence recovery and phylogenetic analysis	https://pmc.ncbi.nlm.nih.gov/articles/PMC11816360/	2026-08-24	The explicit no-trim statement applies to the amino-acid workflow, not automatically to this nucleotide workflow.
cloci-nitrate-cluster-genes	konkel-2024	2024-07-17	CLOCI: unveiling cryptic fungal gene clusters with generalized detection	Nucleic Acids Research	10.1093/nar/gkae625	39016185	PMC11381361	fungi	Fungal kingdom; phylogenetic subsets drawn from a 2247-genome Mycotools database	Nitrate-assimilation gene-cluster genes	lineage-specific-or-rapidly-evolving	across fungal lineages represented in a 2247-genome database and focused phylogenetic subsets	Nitrate-assimilation cluster genes were selected for their patchy gene-cluster histories rather than for universal core retention.	not explicitly reported	Final sequence counts not reported; source database contained 2247 fungal genomes	MAFFT	7.487	--auto	exact	ClipKIT	1.3.0	Mode and other options not reported	partial	IQ-TREE 2.2.0.3 with 1000 ultrafast bootstrap replicates; 10000-replicate AU test of a Mucoromycota-monophyly constraint; high-support FastTree nodes were used for subset selection	Materials and methods: Evolutionary analysis of nitrate assimilation gene clusters	https://pmc.ncbi.nlm.nih.gov/articles/PMC11381361/	2026-08-24	The parenthetical 81 after gene phylogenies is a literature citation, not a reported count of trees; do not infer molecule type or ClipKIT mode.
am-fungi-sco-phylogenomics	rosling-2024	2024-05-29	Evolutionary history of arbuscular mycorrhizal fungi and genomic signatures of obligate symbiosis	BMC Genomics	10.1186/s12864-024-10391-2	38811885	PMC11134847	fungi	46 genome assemblies across Glomeromycota, Mucoromycota and Mortierellomycota with Basidiobolus meristosporus as outgroup	Single-copy orthologs present in at least 50% of taxa	clade-conserved-marker	across Glomeromycota, Mucoromycota and Mortierellomycota with a fungal outgroup	Single-copy orthologs meeting the study's occupancy rule serve as clade-level species-tree markers.	protein	Number of retained orthologs not reported in the article text	MAFFT	7.407	--auto	exact	trimAl	1.4.1	-gt 0.2	exact	Concatenated IQ-TREE 2.0 with per-partition ModelFinder and 100 bootstrap replicates; IQ-TREE MFP gene trees and ASTRAL-III 5.7.3 coalescent tree	Materials and methods: Phylogenetic analysis and topology testing	https://pmc.ncbi.nlm.nih.gov/articles/PMC11134847/	2026-08-24	The reported -gt 0.2 threshold is an article-specific deep-fungal precedent, not a general fungal default.
cryptococcus-kwoniella-sco	coelho-2025	2025-10-03	The complex evolution and genomic dynamics of mating-type loci in Cryptococcus and Kwoniella	PLOS Biology	10.1371/journal.pbio.3003417	41042803	PMC12510652	fungi	52 Cryptococcus, Kwoniella and three outgroup taxa	3086 shared single-copy orthogroups	clade-conserved-marker	across Cryptococcus and Kwoniella with three outgroup taxa	Shared single-copy orthogroups form the nuclear phylogenetic marker panel for these related fungal genera.	protein	3086 partitions and 1686691 amino-acid sites across 52 taxa	MAFFT	7.310	--localpair --maxiterate 1000	exact	trimAl	1.4.rev22	-gappyout -keepheader	exact	Partitioned IQ-TREE 2.1.6 with --seed 54321 -m MFP -msub nuclear -B 1000 -alrt 1000 -T 14; ASTRAL 5.7.8 gene-tree coalescence with -t 2	Methods: Ortholog identification and sequence alignment; Species phylogeny, estimation of topological support, and gene genealogies	https://pmc.ncbi.nlm.nih.gov/articles/PMC12510652/	2026-08-24	The same alignment and trimming recipe was also applied to a separate 5439-orthogroup C. neoformans lineage matrix; this row describes the 52-taxon species analysis.
fusarium-ecc1-busco-species	vlieger-2025	2025-09-08	Divergent ECC1 effector homologs modulate host-specific virulence in cucurbit-infecting Fusarium oxysporum	Frontiers in Cellular and Infection Microbiology	10.3389/fcimb.2025.1656785	40989182	PMC12450888	fungi	149 Fusarium oxysporum species-complex genome assemblies	BUSCO genes present as single-copy in all assemblies	universal-or-deep-core	within the Fusarium oxysporum species complex	BUSCO genes present as single copy in every assembly form the core species-tree panel for the sampled complex.	nucleotide	149 genomes; number of retained BUSCO loci not reported	MUSCLE	5.3.linux64	Default settings explicitly reported	exact	trimAl	1.5.rev0	-automated1	exact	IQ-TREE version not reported; ModelFinder; GTR+F+I+R9; -m MFP -B 1000 -bnni -alrt 1000	Methods 2.4: Phylogenetic analyses	https://www.frontiersin.org/journals/cellular-and-infection-microbiology/articles/10.3389/fcimb.2025.1656785/full	2026-08-24	Keep the IQ-TREE version as unreported even though the command and support settings are detailed.
fusarium-ecc1-gene-family	vlieger-2025	2025-09-08	Divergent ECC1 effector homologs modulate host-specific virulence in cucurbit-infecting Fusarium oxysporum	Frontiers in Cellular and Infection Microbiology	10.3389/fcimb.2025.1656785	40989182	PMC12450888	fungi	ECC1 homologs searched across 149 Fusarium oxysporum species-complex genomes	ECC1a and ECC1b genomic homologs including introns	lineage-specific-or-rapidly-evolving	within the Fusarium oxysporum species complex	ECC1a and ECC1b are host-associated effector homologues analyzed as a divergent, patchily distributed family rather than a core marker.	nucleotide	Final gene-tree sequence count not reported; homolog search required E-value below 0.001 and query coverage above 50%	MAFFT	version not reported	Article prints --adjust direction accurately; no other options reported	partial	AliView manual endpoint cleanup	version not reported	Removed the deliberately added 50-bp flanks; no alignment-column masking rule reported	partial	IQ-TREE version not reported; ModelFinder selected K2P+G4; 1000 UFBoot replicates	Methods 2.4: Phylogenetic analyses	https://www.frontiersin.org/journals/cellular-and-infection-microbiology/articles/10.3389/fcimb.2025.1656785/full	2026-08-24	Manual deletion of added retrieval flanks is sequence-end cleanup, not evidence for a generic MSA column-trimming policy.
plant-dfr-237-species	luo-2025	2025-03-29	A Comprehensive Evolutionary Analysis of the Dihydroflavonol 4-Reductase (DFR) Gene Family in Plants: Insights from 237 Species	Genes	10.3390/genes16040396	40282359	PMC12027299	plants	237 plants spanning algae, bryophytes, ferns, gymnosperms and angiosperms	Dihydroflavonol 4-reductase gene-family proteins	broadly-conserved-gene-family	across plants from algae through angiosperms	Dihydroflavonol 4-reductase homologues form a broadly sampled enzyme family, not a universal single-copy species-tree panel.	protein	237 species; total DFR sequence count not reported	MAFFT	7.429	Mode and options not reported	partial	trimAl	1.4	Mode and options not reported	partial	IQ-TREE 1.6.11 maximum likelihood with 1000 bootstrap replicates; model-selection settings not reported for the DFR tree	Methods 2.3: Identification of DFR Gene Family Members	https://www.mdpi.com/2073-4425/16/4/396	2026-08-24	Six named reference DFR sequences were included for alignment and residue classification, then removed before trimAl and tree inference.
echinacea-nuclear-target-capture	jordan-2025	2025-09-09	Utilizing target capture sequencing to resolve the speciation history of Echinacea (Asteraceae)	Frontiers in Plant Science	10.3389/fpls.2025.1602041	40995006	PMC12454386	plants	All nine Echinacea species with multiple samples plus three Heliantheae outgroup species	Compositae-ParaLoss-1272 nuclear target loci	clade-conserved-marker	within Echinacea, with Heliantheae outgroups	Compositae-ParaLoss nuclear target loci are clade-oriented capture markers used to resolve species relationships.	nucleotide	1234 to 1272 loci recovered per sample; 1272 nuclear gene trees used for ASTRAL	MAFFT	7.505	--auto	exact	trimAl	1.4.1	Misaligned sequences were identified and trimmed; mode and options not reported	partial	IQ-TREE 1.6.12 with ModelFinder and ultrafast bootstrap; the paper prints -mfp and -bb without a bootstrap count; ASTRAL 5.7.8 with -t for quartet scores	Methods: Phylogenomic analysis	https://www.frontiersin.org/journals/plant-science/articles/10.3389/fpls.2025.1602041/full	2026-08-24	Do not infer an ultrafast-bootstrap replicate count from IQ-TREE defaults or from other studies; the value is absent from the full Methods text.
echinacea-plastome-bycatch	jordan-2025	2025-09-09	Utilizing target capture sequencing to resolve the speciation history of Echinacea (Asteraceae)	Frontiers in Plant Science	10.3389/fpls.2025.1602041	40995006	PMC12454386	plants	Echinacea samples with Heliantheae outgroups; plastome genes recovered from off-target reads	76 plastome-encoded genes	clade-conserved-marker	within Echinacea, with Heliantheae outgroups	The 76 shared plastome genes are organellar phylogenetic markers recovered from off-target reads.	nucleotide	76-gene concatenated plastome supermatrix	MAFFT	7.505	--auto, explicitly reused from the nuclear-locus workflow	exact	trimAl	1.4.1	Reused the nuclear-locus trimming workflow; mode and options not reported	partial	IQ-TREE 1.6.12 maximum likelihood with ultrafast-bootstrap support; replicate count not reported	Methods: Utilizing plastome sequences from off-target reads for phylogenetic analysis	https://www.frontiersin.org/journals/plant-science/articles/10.3389/fpls.2025.1602041/full	2026-08-24	The plastome section says the same MAFFT and trimAl workflow was used; this supports --auto for MAFFT but does not supply a missing trimAl mode.
phragmites-organelle-pcgs	cui-2025	2025-01-10	Mitochondrial Genome Insights into Evolution and Gene Regulation in Phragmites australis	International Journal of Molecular Sciences	10.3390/ijms26020546	39859262	PMC11764873	plants	Phragmites australis with 31 comparative grass mitogenomes and 28 comparative grass chloroplast genomes; Phoenix dactylifera and Cyperus esculentus outgroups	Shared mitochondrial and chloroplast protein-coding genes	clade-conserved-marker	across comparative grass organelle genomes centered on Phragmites australis	Shared mitochondrial and chloroplast protein-coding genes are organellar markers at the grass comparison scale.	nucleotide	Two concatenated organellar PCG matrices; retained gene counts not reported	MAFFT	7.490	Mode and options not reported	partial	trimAl	1.2rev57	-automated1	exact	ModelFinder 2.2.0; IQ-TREE 2.3.6 maximum likelihood and MrBayes 3.2.7a; support and run settings not reported for the organellar workflow	Methods 4.9: Phylogenetic Analysis	https://www.mdpi.com/1422-0067/26/2/546	2026-08-24	Do not borrow the 1000-bootstrap setting reported for the separate nuclear SDH-family tree and apply it to these organellar trees.
bryophyte-deep-phylogenomics	dong-2025	2025-09-22	Bryophytes hold a larger gene family space than vascular plants	Nature Genetics	10.1038/s41588-025-02325-9	40983756	PMC12513842	plants	54-taxon, 190-taxon and 343-taxon Archaeplastida datasets centered on bryophytes and vascular plants	Mostly single-copy nuclear protein gene families	universal-or-deep-core	across deep Archaeplastida sampling centered on bryophytes and vascular plants	Mostly single-copy or low-copy nuclear protein families were selected for deep species-tree matrices; no sequence-identity or evolutionary-rate threshold was reported.	protein	Three taxon matrices; the 190-taxon analysis used 587 low-copy nuclear protein-coding genes	MAFFT	5.0	Mode and options not reported	partial	Gblocks	0.91b	-b3=8 -b4=5 -b5=half -b6=yes as described in prose	exact	RAxML 8.2.12 under PROTGAMMAAUTO with 200 fast bootstrap replicates; ASTRAL 5.7.3 coalescent analysis	Methods: Phylogenetic and dating analyses	https://www.nature.com/articles/s41588-025-02325-9	2026-08-24	MAFFT v5.0 is what the paper reports and must not be silently replaced by a newer release; Gblocks parameter wording is preserved from the Methods.
easycgtree-prok-core	zhang-2023	2023-10-14	EasyCGTree: a pipeline for prokaryotic phylogenomic analysis based on core gene sets	BMC Bioinformatics	10.1186/s12859-023-05527-2	37838689	PMC10576351	bacteria and archaea	Prokaryotic proteomes; demonstrations include Paracoccus	Prepared bac120, ar122, rp1, rp2, UBCG, essential and customizable core-gene sets	universal-or-deep-core	across Bacteria or Archaea, depending on the selected bundled core-marker set	The bundled bac120, ar122, ribosomal, UBCG and essential sets are ubiquitous core-marker panels; customizable sets may require separate classification.	protein	Configurable; the Paracoccus UBCG demonstration retained 90 genes after excluding two low-prevalence genes	Clustal Omega on Linux; MUSCLE on Windows	1.2.4; not reported	Pipeline selects the aligner by operating system; alignment options were not reported	partial	trimAl	1.2	-trim selects gappyout, strict or strictplus; default strict	exact	FastTree 2.1 default or IQ-TREE 2.1.1 optional; tree-program options are user-editable and were not frozen globally	Implementation: Build alignments, Trimming, Phylogeny inference; Results: Performance compared with other tools	https://pmc.ncbi.nlm.nih.gov/articles/PMC10576351/	2026-08-24	Conventional per-locus protein MSA followed by concatenation or gene-tree summarization, not pseudoalignment; the benchmark mixes changes in aligner, trimmer and tree program, so topology differences cannot be attributed to trimming alone.
vbcg-20-core	tian-2023	2023-11-08	VBCG: 20 validated bacterial core genes for phylogenomic analysis with high fidelity and resolution	Microbiome	10.1186/s40168-023-01705-9	37936197	PMC10631056	bacteria	5506 representative finished bacterial genomes spanning broad bacterial diversity	148 candidate core proteins reduced to 85 high-presence single-copy candidates and then to a 20-gene VBCG set; 16S rRNA comparator	universal-or-deep-core	across the bacterial domain	The 20 VBCG proteins were selected from broadly sampled bacterial candidates for high presence and single-copy occurrence and used as a core species-tree panel.	protein with nucleotide 16S comparator	5506 representatives analyzed in 50 groups of approximately 110 taxa for the reported fidelity tests	MUSCLE	3.8.1551	Options not reported; terminal gaps were removed before conserved-block filtering	partial	terminal-gap removal followed by Gblocks	0.91b	-b4=3 -b5=h	partial	FastTree 2.1.10; LG+Gamma for protein trees and GTR+Gamma for 16S trees; 100 bootstraps	Implementation: Fidelity test for the candidate core genes; Comparison of multiple gene sets in fidelity	https://pmc.ncbi.nlm.nih.gov/articles/PMC10631056/	2026-08-24	Conventional per-gene MSA and concatenation, not pseudoalignment. Methods initially says 100 groups, whereas Results, the workflow and fidelity analyses report 50 groups; preserve this reporting inconsistency rather than silently resolving it.
ska2-gubbins-recomb	derelle-2024	2024-10-29	Seamless, rapid, and accurate analyses of outbreak genomic data using split k-mer analysis	Genome Research	10.1101/gr.279449.124	39406504	PMC11529842	bacteria	240 Streptococcus pneumoniae PMEN1 genomes	Reference-ordered genome-wide SNP pseudoalignment for recombination analysis	not-applicable	within the closely related Streptococcus pneumoniae PMEN1 lineage	The input is a reference-ordered genome-wide SNP pseudoalignment rather than a homologous gene or marker panel, so gene-family conservation is not meaningful.	nucleotide SNP pseudoalignment	240 assemblies mapped against the Spn23F reference	SKA2 ska build plus ska map	0.3.5	k=17 and k=63; ska map against Spn23F; repeats and ambiguous bases masked	exact	Gubbins recombination analysis and masking	3.3.1	--filter-percentage 100.0; otherwise defaults; no outgroup; RAxML tree builder; five iterations	exact	RAxML as the Gubbins internal tree builder; RAxML version not reported	Methods: Recombination analysis; Results: SKA2 map can be used to effectively detect recombination	https://pmc.ncbi.nlm.nih.gov/articles/PMC11529842/	2026-08-24	Explicit reference-mapped pseudoalignment, not conventional MSA. Coordinate order is required for local SNP-density-based recombination inference; Gubbins masking is conceptually separate from gap/conservation trimming.
archaea-hydrogenases	qi-2024	2024-05-14	Analysis of nearly 3000 archaeal genomes from terrestrial geothermal springs sheds light on interconnected biogeochemical processes	Nature Communications	10.1038/s41467-024-48498-5	38744885	PMC11094006	archaea	603 representative archaeal MAGs from terrestrial geothermal springs plus HydDB references	[Fe], [FeFe] and [NiFe] hydrogenase proteins	broadly-conserved-gene-family	within each [Fe], [FeFe] or [NiFe] hydrogenase class across geothermal Archaea and archaeal references	Hydrogenase enzyme homologues were sampled across many archaeal lineages but were not treated as universal single-copy species markers; the three enzyme classes should not be conflated as one ortholog set.	protein	Hydrogenases identified across 603 rMAGs; final sequence count not stated	MUSCLE	3.8.31	Options not reported	partial	trimAl	not restated for this workflow	-gt 0.05 -cons 50	partial	IQ-TREE version not restated; VT+F+R9; 1000 ultrafast bootstrap iterations	Methods: Phylogenetic tree reconstruction of hydrogenase	https://pmc.ncbi.nlm.nih.gov/articles/PMC11094006/	2026-08-24	Conventional single-protein-family MSA, not pseudoalignment. The exact trimAl flags are reported, but the hydrogenase subsection does not restate the trimAl or IQ-TREE versions; do not borrow versions from the separate species-tree workflow.
asgard-phylome-ensemble	manzano-morales-2026	2026-04-10	Phylogenomics of Asgard archaea reveals a unique blend of prokaryotic-like horizontal transfer and eukaryotic-like gene duplication	Nature Communications	10.1038/s41467-026-71534-5	41963319	PMC13247210	archaea	60 Asgard archaea and Thermoproteota representatives; 10 seed genomes per phylum	Protein families retrieved for every seed gene; top 150 homologues with E-value <1e-5 and continuous overlap >50%	mixed-conservation-panel	across Asgard archaea and Thermoproteota proteomes	The phylomes start from every seed-genome protein and therefore combine housekeeping, broadly distributed and restricted protein families rather than selecting a uniform conserved-marker set.	protein	20 seed phylomes totaling 38889 gene phylogenies	MUSCLE; MAFFT; KALIGN; M-Coffee consensus	3.8.1551; 7.407; 2.04; version not reported	Each of three aligners run forward and reverse; six alignments combined with M-Coffee	partial	trimAl	1.4.rev15	--gappyout	exact	IQ-TREE 1.6.9; best model by BIC; 1000 ultrafast bootstrap replicates	Methods: Genome dynamics across Asgard archaea	https://pmc.ncbi.nlm.nih.gov/articles/PMC13247210/	2026-08-24	Conventional protein MSA ensemble, not pseudoalignment. This is the species-overlap phylome workflow; the paper's separate reconciliation pipeline uses updated aligner versions and Mergealign 3 and should not be conflated with this row.
hotspring-hsrv-rdrp	urayama-2024	2024-01-17	Double-stranded RNA sequencing reveals distinct riboviruses associated with thermoacidophilic bacteria from hot springs in Japan	Nature Microbiology	10.1038/s41564-023-01579-5	38233646	PMC10847044	viruses	HsRV-like riboviruses from thermoacidophilic bacterial communities and homologues from moderate aquatic environments	Highly divergent RNA-directed RNA polymerases	lineage-specific-or-rapidly-evolving	within the HsRV-like environmental ribovirus lineage across hot-spring and moderate aquatic habitats	The study explicitly treats these RdRPs as highly divergent members of a newly resolved viral lineage; they are not a broadly retained cellular core marker.	protein	HsRV-like RdRP homologues; final trimmed alignment contained 520 amino-acid positions; sequence count not stated	PROMALS3D	not reported	Options not reported	partial	trimAl	not reported	gappyout	partial	IQ-TREE 2.0.6; ModelFinder selected LG+I+G4; 1000 SH-aLRT replicates	Methods: Phylogenetic analysis	https://pmc.ncbi.nlm.nih.gov/articles/PMC10847044/	2026-08-24	Conventional structure-informed MSA for very remote viral homologues, not pseudoalignment. This workflow differs from the paper's Partitiviridae RdRP analysis, which used MAFFT G-INS-1 and trimAl gap threshold 0.2.
alifilter-cyanobacteria-benchmark	bianchini-2026	2026-04-10	AliFilter: a machine learning approach to alignment filtering	Molecular Biology and Evolution	10.1093/molbev/msag097	41967463	PMC13108598	bacteria and method benchmark	Cyanobacteria phylogenomic evaluation; broader training and tests included bacteria, archaea, viruses, animals and rRNA	139 protein alignments in Cyanobacteria Dataset 1	not-applicable	across a Cyanobacteria phylogenomic test plus heterogeneous cross-domain benchmark datasets	This is an alignment-filtering benchmark over many unrelated loci and data types, so a single biological conservation class for the whole workflow would be misleading.	protein	139 loci for the Cyanobacteria tree; 451 alignments across eight primary development datasets	MAFFT	not reported	--localpair --maxiterate 1000	partial	AliFilter compared with BMGE, trimAl, Gblocks, Noisy and ClipKIT	AliFilter not reported; BMGE 2.0; trimAl 1.4.1; Gblocks 0.91b; Noisy 1.5.12; ClipKIT 1.4.1	AliFilter default model trained on Dataset 9; BMGE defaults; trimAl automated1; Gblocks b1=b2=0.5n b3=1 b4=6 b5=h; Noisy defaults; ClipKIT defaults	partial	IQ-TREE 2.3.6; Q.pfam_gb+C20+R7; 1000 ultrafast bootstraps; three replicate analyses per filtering strategy	Methods: Sequence alignment, filtering, and phylogenetic analyses; Results: Cyanobacteria filtering comparison	https://pmc.ncbi.nlm.nih.gov/articles/PMC13108598/	2026-08-24	Explicit trimming-sensitivity benchmark on conventional MSAs. In the Cyanobacteria dataset AliFilter, ClipKIT and unfiltered alignments gave identical topologies, whereas BMGE, trimAl and Gblocks differed; treat this as dataset-specific evidence, not a universal ranking.
early-animal-neuronal-gene-families	najle-2023	2023-10-12	Stepwise emergence of the neuronal gene expression program in early animal evolution	Cell	10.1016/j.cell.2023.08.027	37729907	PMC10580291	animals	37 metazoans spanning early-branching animals and bilaterians	Selected gene families, including transcription-factor families	mixed-conservation-panel	across Metazoa from early-branching animals to bilaterians	The workflow analyzes multiple selected neuronal and transcription-factor families separately, with distinct presence and copy histories rather than one uniformly conserved marker class.	protein	One tree per selected family; homologues sampled from 37 metazoan proteomes	MAFFT	7.475	E-INS-i; up to 10000 iterations	exact	ClipKIT	1.1.3	kpic-gappy; gap threshold 0.7	exact	IQ-TREE 2.1.0; ModelFinder restricted to LG,WAG,JTT; up to 10000 iterations; convergence 0.999 for 200 generations; UFBoot 1000	STAR Methods: Gene family-specific phylogenetic analyses	https://pmc.ncbi.nlm.nih.gov/articles/PMC10580291/	2026-08-24	TreeShrink 1.3.3 outlier detection was followed by realignment and rebuilding; all relevant parameters were stated.
marine-alveolate-protein-supermatrix	holt-2023	2023-11-03	Multiple parallel origins of parasitic Marine Alveolates	Nature Communications	10.1038/s41467-023-42807-0	37923716	PMC10624901	protists	Dinoflagellates, marine alveolates and related alveolates	263 candidate conserved proteins; final 236-protein matrix	universal-or-deep-core	across deep alveolate lineages including marine alveolates and dinoflagellates	Candidate conserved proteins with broad taxon occupancy were paralogue-screened and concatenated for a deep species phylogeny.	protein	75 taxa; 236 proteins; 63267 amino-acid sites	MAFFT	7.222	L-INS-i	exact	trimAl	1.2	Gap threshold 80%	exact	Single-protein RAxML 8.1.6, LG+G4, 100 rapid bootstraps; concatenated IQ-TREE 1.6.5, LG+C60+F+G4, 1000 UFBoot	Methods: Phylogenomic dataset preparation and analysis	https://pmc.ncbi.nlm.nih.gov/articles/PMC10624901/	2026-08-24	Manual screening removed paralogues, prey and contaminants; proteins present in at least 60% of taxa were retained before concatenation.
myrmicini-uce	prebus-2025	2025-03-29	Phylogenomics Resolve the Systematics and Biogeography of the Ant Tribe Myrmicini and Tribal Relationships within the Hyperdiverse Ant Subfamily Myrmicinae	Systematic Biology	10.1093/sysbio/syaf022	40156882	PMC12640086	animals	62 ant samples; Myrmicini ingroup plus Myrmicinae outgroups	Ultraconserved elements (UCEs)	clade-conserved-marker	across Myrmicini and broader Myrmicinae ants	The dataset consists of targeted ultraconserved elements recovered across the named ant clade and filtered for high taxon completeness.	nucleotide	2177 UCE loci; 2.8 Mb; minimum 85% taxon completeness	PHYLUCE phyluce_align_seqcap_align with MAFFT	MAFFT version not reported	--aligner mafft; --no-trim (no edge trimming)	partial	Gblocks via PHYLUCE; SPRUCEUP outlier filtering	Gblocks 0.91b; SPRUCEUP version not reported	Gblocks b1 0.5, b2 0.5, b3 12, b4 7; SPRUCEUP overall lognormal cutoff 0.97 plus stated sample cutoffs 0.08-0.09	partial	IQ-TREE2 2.1.1; SWSC-EN partitions; -m MFP+MERGE; -mrate E,I,G; -rclusterf 10; -bb 1000; ASTRAL-III 5.7.4 locus-tree summary	Materials and Methods: Dataset construction: Myrmicini UCEs; Phylogenetic inference	https://pmc.ncbi.nlm.nih.gov/articles/PMC12640086/	2026-08-24	MAFFT point version and SPRUCEUP version were not reported, so MSA and overall cleaning are partial despite exact options.
egeirotrioza-mitogenome	aishan-2024	2024-06-26	The First Three Mitochondrial Genomes for the Characterization of the Genus Egeirotrioza (Hemiptera: Triozidae) and Phylogenetic Implications	Genes	10.3390/genes15070842	39062621	PMC11275608	animals	13 Triozidae ingroup taxa plus 3 psyllid outgroups	13 mitochondrial PCGs and 2 rRNAs; five amino-acid, nucleotide and codon-position matrices	clade-conserved-marker	across Triozidae with nearby psyllid outgroups	Shared mitochondrial protein-coding genes and rRNAs are organellar phylogenetic markers sampled within a named insect clade.	protein and nucleotide	16 mitochondrial genomes; 5 concatenated matrices	MAFFT	7.450	L-INS-i	exact	trimAl	1.4.1	-automated1	exact	IQ-TREE 2 with ModelFinder; PMSF mtART+C60+FO+R for the amino-acid matrix; PhyloBayes-MPI CAT+GTR	Methods 2.3: Phylogenetic Analyses	https://pmc.ncbi.nlm.nih.gov/articles/PMC11275608/	2026-08-24	SH-aLRT and UFBoot2 support types are shown, but replicate counts are not reported; do not infer them.
teleost-busco-species-tree	policarpo-2025	2025-05-16	Multiple Horizontal Transfers of Immune Genes Between Distantly Related Teleost Fishes	Molecular Biology and Evolution	10.1093/molbev/msaf107	40378191	PMC12107551	animals	242 annotated ray-finned fish species	3584 BUSCO proteins present in at least 121 species	universal-or-deep-core	across ray-finned fishes	BUSCO proteins are conserved single-copy ortholog markers used here in a large multispecies species-tree analysis; the paper's occupancy criterion does not establish sequence identity or rate.	protein	3584 gene trees across a 242-species sampling	MUSCLE	5.1	Alignment options not reported	partial	trimAl	version not reported	-automated1	partial	IQ-TREE2, version not reported; ModelFinder; 1000 UFBoot; collapse nodes below 10%; ASTRAL-III, version not reported, species tree	Materials and Methods: Species Phylogeny	https://pmc.ncbi.nlm.nih.gov/articles/PMC12107551/	2026-08-24	Do not treat cited software papers as executed versions; MUSCLE point version is reported, but alignment options and trimAl, IQ-TREE2 and ASTRAL point versions are not.
ciliate-lgt-proteins	zhang-2026	2026-05-15	Single-cell transcriptomics reveals lateral transfers of multiple functional genes from prokaryotes to free-living ciliated protists in detrital food webs	Marine Life Science & Technology	10.1007/s42995-026-00382-5	42186547	PMC13198582	protists	Metopus yantaiensis and 36 anaerobic ciliate omics datasets plus broad eukaryotic, bacterial, archaeal and viral homologues	63 phylogenetically confirmed prokaryote- or virus-derived LGT protein families	lineage-specific-or-rapidly-evolving	across anaerobic ciliates with eukaryotic, bacterial, archaeal and viral homologues	The 63 families were selected specifically as prokaryote- or virus-derived lateral-transfer candidates, implying patchy cross-domain histories rather than core-marker retention.	protein	Approximately 200-500 sequences per candidate after CD-HIT; retained alignments longer than 80 aa with more than 30 references	MAFFT	version 7; point version not reported	Output ordered by alignment quality; alignment mode and options not reported	partial	BMGE	1.1	BLOSUM30; block size 4	exact	IQ-TREE 1.4.4; ModelFinder Plus BIC among LG+C60, LG+C20 and LG4X; UFBoot 1000; SH-aLRT 1000	Methods: Phylogenetic analyses and phylogenetic tree interpretation	https://pmc.ncbi.nlm.nih.gov/articles/PMC13198582/	2026-08-24	The paper reports MAFFT only as version 7 and gives no alignment mode; no CLI syntax was inferred.
eukaryote-ccm-enzyme-trees	santana-molina-2025	2025-03-03	Chimeric origins and dynamic evolution of central carbon metabolism in eukaryotes	Nature Ecology & Evolution	10.1038/s41559-025-02648-0	40033103	PMC11976288	protists	207 representative eukaryotes with broad prokaryotic and viral homologues	Central carbon metabolism enzyme families	broadly-conserved-gene-family	across representative eukaryotes with broad prokaryotic and viral homologues	Central-carbon-metabolism enzyme homologues were reconstructed as individual broadly sampled protein-family trees, not as a universal single-copy marker panel.	protein	Refined enzyme-family trees from a 207-eukaryote core plus expanded prokaryotic and viral homologues	MAFFT	7.453	L-INS-i	exact	trimAl	1.4.22	-gt 0.7	exact	IQ-TREE 2.1.2; -mset LG or -m LG+C20+G+F; -bb 1000 -bnni -alrt -nstop 500 -pers 0.2	Methods: Phylogenetic analyses: CCM enzyme phylogenies	https://pmc.ncbi.nlm.nih.gov/articles/PMC11976288/	2026-08-24	Both strict MSA coverage above 80% and inclusive coverage above 20% datasets were used; the -alrt replicate count is not stated in this subsection.
leptophyte-plastid-supermatrix	jamy-2025	2025-12-14	Identification of a deep-branching lineage of algae using environmental plastid genomes	Nature Communications	10.1038/s41467-025-67401-4	41392160	PMC12816646	protists	660 environmental plastid MAGs plus 166 plastid and 13 cyanobacterial references	93 plastid protein-coding genes	clade-conserved-marker	across plastid-bearing eukaryotic lineages with cyanobacterial references	The 93 plastid-encoded proteins form an organellar marker supermatrix used to resolve deep plastid relationships.	protein	839 taxa; 93 genes; 19242 amino-acid sites; reduced 107-taxon matrix with 20292 sites	MAFFT	version not reported for final concatenated alignment	G-INS-i; --unalign 0.6; preceded by Prequal 1.02 with posterior threshold 0.95	partial	BMGE	1.12	BLOSUM35; gap threshold 0.8	exact	IQ-TREE 2.2.2.6; 839-taxon LG+F+I+G4 with 1000 UFBoot; 107-taxon cpREV+C60+G4 and MEOW plus Bayesian sensitivity analyses	Methods: Phylogenomic plastid dataset assembly; Phylogenomic analyses of plastid datasets	https://pmc.ncbi.nlm.nih.gov/articles/PMC12816646/	2026-08-24	Do not carry MAFFT 7.407 from the earlier 179-reference curation into the final supermatrix because the final-alignment subsection does not restate it.
cloak-mammal-ortholog-benchmark	wheeler-2026	2026-07-27	Improved gene tree inference from removing alignment errors both from focal genes and when training substitution models	Molecular Biology and Evolution	10.1093/molbev/msag182	NA	NA	animals and method benchmark	190 mammal species spanning seven OrthoMaM taxonomic groups	6769 curated single-copy mammalian ortholog protein families	not-applicable	across 190 mammal species in an alignment-error benchmark	Although the inputs are curated single-copy mammalian orthologs, the workflow benchmarks alignment filtering across thousands of unrelated loci rather than assigning a biological conservation class to one gene family.	protein	6769 loci from OrthoMaM v12; 1000 used for substitution-model training and 5769 for gene-tree testing	Muscle5	Point version not restated for the OrthoMaM workflow	-stratified generates 16 alternative alignments by perturbing HMMs and guide trees	partial	CLOAK	Version not reported	Retain an amino-acid pairing only when present in all 16 alternative alignments; split consensus subgroups into columns; discard singleton columns	partial	IQ-TREE2, version not reported; ModelFinder selected rate heterogeneity; 1000 UFBoot replicates per gene tree	Materials and methods: CLOAK; Mammalian orthologs; Comparison of gene trees to species trees; Gene tree precision	https://academic.oup.com/mbe/article/43/8/msag182/8742306	2026-08-24	The paper found gentle focal-gene filtering and stricter substitution-model-training filtering useful for different tasks; this is a task-specific benchmark, not a universal recommendation to replace established filters.
deep-asgard-marker-supermatrices	zhang-2025-asgard	2025-05-07	Deep origin of eukaryotes outside Heimdallarchaeia within Asgardarchaeota	Nature	10.1038/s41586-025-08955-7	40335687	PMC12222021	archaea	411 Asgard archaea with DPANN, Euryarchaea, TACK and selected eukaryotic or other outgroups depending on marker set	Twelve published marker sets plus newly constructed S67, S97 and S150 protein marker sets	universal-or-deep-core	across Asgardarchaeota and other major archaeal lineages, with selected eukaryotic outgroups	Published archaeal marker panels and the new S67, S97 and S150 sets were assembled and paralogue-checked specifically for deep archaeal phylogenomics.	protein	Multiple supermatrices; examples include 579 archaeal taxa for GTDB.ar53 and 425 taxa for S150	MAFFT	7.487	-linsi	exact	BMGE	1.12	-m BLOSUM30	exact	IQ-TREE 2.2.2.6; LG+C60+F+G+PMSF; -B 1000; additional site-exclusion and Bayesian sensitivity analyses	Methods: Phylogenomic analyses using public marker sets; Construction and phylogenomic analyses of new marker sets	https://www.nature.com/articles/s41586-025-08955-7	2026-08-24	Exact deep-archaeal protein-supermatrix workflow; the paper separately checked individual-marker paralogy and tested taxon, site-rate and recoding sensitivity, which column filtering alone cannot replace.
early-hexapod-receptor-sensitivity	cooke-2026	2026-05-27	Early hexapod genomes reveal the deep origin of insect gustatory and odorant receptors	Nature Communications	10.1038/s41467-026-73718-5	42204179	PMC13388675	animals	Early-divergent hexapods and insects with centipede gustatory receptors as outgroup	Gustatory and odorant receptor protein families	variable-multigene-family	across early-divergent hexapods and insects with centipede receptor outgroups	Gustatory and odorant receptors are analyzed as insertion-rich homologous receptor families rather than single-copy core markers; the factorial design tests alignment and trimming sensitivity.	protein	Sixteen analyses: two aligners by four column treatments by with or without PMSF	FAMSA; MAFFT	2.2.3; 7.505	FAMSA defaults; MAFFT E-INS-i	exact	Untrimmed control and trimAl	NA for control; 1.2	Full untrimmed; -gt 0.75 -st 0; -gt 0.50 -st 0; --gappyout	exact	IQ-TREE 2.0.7 with ModelFinder and UFBoot2; JTT+F+R10; PMSF sensitivity under LG+C60+G+F; UFBoot replicate count not reported	Methods: Phylogenetic analysis	https://www.nature.com/articles/s41467-026-73718-5	2026-08-24	Direct aligner-by-filter factorial design for insertion-rich receptors. The article equates -gt 0.75 with removing columns having at least 75% gaps, but official trimAl documentation defines -gt as 1 minus the gap fraction; preserve the reported argv, flag the semantic conflict, and do not translate the prose into a new command without verification.
