NP_001013434.1	291f043444e987bba044763e5b7716a3	1878	SMART	SM00292	BRCT_7	1766	1853	5.3E-12	T	14-08-2026	IPR001357	BRCT domain	-	-
NP_001013434.1	291f043444e987bba044763e5b7716a3	1878	SMART	SM00292	BRCT_7	1647	1729	1.6E-5	T	14-08-2026	IPR001357	BRCT domain	-	-
NP_001013434.1	291f043444e987bba044763e5b7716a3	1878	Pfam	PF12820	Serine-rich domain associated with BRCT	343	505	3.2E-68	T	14-08-2026	IPR025994	BRCA1, serine-rich domain	-	-
NP_001013434.1	291f043444e987bba044763e5b7716a3	1878	SMART	SM00184	ring_2	24	64	2.4E-7	T	14-08-2026	IPR001841	Zinc finger, RING-type	-	-
NP_001013434.1	291f043444e987bba044763e5b7716a3	1878	Pfam	PF00533	BRCA1 C Terminus (BRCT) domain	1766	1850	4.5E-8	T	14-08-2026	IPR001357	BRCT domain	-	-
NP_001013434.1	291f043444e987bba044763e5b7716a3	1878	Pfam	PF00533	BRCA1 C Terminus (BRCT) domain	1663	1726	3.9E-6	T	14-08-2026	IPR001357	BRCT domain	-	-
NP_001013434.1	291f043444e987bba044763e5b7716a3	1878	Pfam	PF00097	Zinc finger, C3HC4 type (RING finger)	24	64	1.2E-6	T	14-08-2026	IPR018957	Zinc finger, C3HC4 RING-type	-	-
XP_003414318.3	299dccb58e47f9514e2e2d44a75f540d	1858	Pfam	PF12820	Serine-rich domain associated with BRCT	349	507	3.8E-68	T	14-08-2026	IPR025994	BRCA1, serine-rich domain	-	-
XP_003414318.3	299dccb58e47f9514e2e2d44a75f540d	1858	SMART	SM00292	BRCT_7	1649	1721	1.7E-6	T	14-08-2026	IPR001357	BRCT domain	-	-
XP_003414318.3	299dccb58e47f9514e2e2d44a75f540d	1858	SMART	SM00292	BRCT_7	1753	1840	6.5E-13	T	14-08-2026	IPR001357	BRCT domain	-	-
XP_003414318.3	299dccb58e47f9514e2e2d44a75f540d	1858	Pfam	PF00533	BRCA1 C Terminus (BRCT) domain	1753	1837	5.0E-7	T	14-08-2026	IPR001357	BRCT domain	-	-
XP_003414318.3	299dccb58e47f9514e2e2d44a75f540d	1858	Pfam	PF00533	BRCA1 C Terminus (BRCT) domain	1654	1718	1.2E-7	T	14-08-2026	IPR001357	BRCT domain	-	-
XP_003414318.3	299dccb58e47f9514e2e2d44a75f540d	1858	SMART	SM00184	ring_2	29	69	2.4E-7	T	14-08-2026	IPR001841	Zinc finger, RING-type	-	-
XP_003414318.3	299dccb58e47f9514e2e2d44a75f540d	1858	Pfam	PF00097	Zinc finger, C3HC4 type (RING finger)	29	69	1.6E-6	T	14-08-2026	IPR018957	Zinc finger, C3HC4 RING-type	-	-
XP_013005150.1	3db67e1a078cfd17093d66c6e7bacc72	1754	Pfam	PF12820	Serine-rich domain associated with BRCT	307	463	4.0E-43	T	14-08-2026	IPR025994	BRCA1, serine-rich domain	-	-
XP_013005150.1	3db67e1a078cfd17093d66c6e7bacc72	1754	SMART	SM00292	BRCT_7	1649	1736	2.6E-5	T	14-08-2026	IPR001357	BRCT domain	-	-
XP_013005150.1	3db67e1a078cfd17093d66c6e7bacc72	1754	SMART	SM00292	BRCT_7	1530	1617	4.3E-6	T	14-08-2026	IPR001357	BRCT domain	-	-
XP_013005150.1	3db67e1a078cfd17093d66c6e7bacc72	1754	Pfam	PF00533	BRCA1 C Terminus (BRCT) domain	1650	1733	2.1E-5	T	14-08-2026	IPR001357	BRCT domain	-	-
XP_013005150.1	3db67e1a078cfd17093d66c6e7bacc72	1754	Pfam	PF00533	BRCA1 C Terminus (BRCT) domain	1544	1613	0.0022	T	14-08-2026	IPR001357	BRCT domain	-	-
XP_013005150.1	3db67e1a078cfd17093d66c6e7bacc72	1754	Pfam	PF00097	Zinc finger, C3HC4 type (RING finger)	28	68	1.3E-5	T	14-08-2026	IPR018957	Zinc finger, C3HC4 RING-type	-	-
XP_013005150.1	3db67e1a078cfd17093d66c6e7bacc72	1754	SMART	SM00184	ring_2	28	68	2.5E-7	T	14-08-2026	IPR001841	Zinc finger, RING-type	-	-
NP_009225.1	e40f752dedf675e2f7c99142ebb2607a	1863	Pfam	PF00533	BRCA1 C Terminus (BRCT) domain	1644	1723	5.2E-7	T	14-08-2026	IPR001357	BRCT domain	-	-
NP_009225.1	e40f752dedf675e2f7c99142ebb2607a	1863	Pfam	PF00533	BRCA1 C Terminus (BRCT) domain	1758	1842	7.7E-8	T	14-08-2026	IPR001357	BRCT domain	-	-
NP_009225.1	e40f752dedf675e2f7c99142ebb2607a	1863	Pfam	PF00097	Zinc finger, C3HC4 type (RING finger)	24	64	1.6E-6	T	14-08-2026	IPR018957	Zinc finger, C3HC4 RING-type	-	-
NP_009225.1	e40f752dedf675e2f7c99142ebb2607a	1863	SMART	SM00184	ring_2	24	64	2.4E-7	T	14-08-2026	IPR001841	Zinc finger, RING-type	-	-
NP_009225.1	e40f752dedf675e2f7c99142ebb2607a	1863	Pfam	PF12820	Serine-rich domain associated with BRCT	345	508	2.8E-77	T	14-08-2026	IPR025994	BRCA1, serine-rich domain	-	-
NP_009225.1	e40f752dedf675e2f7c99142ebb2607a	1863	SMART	SM00292	BRCT_7	1644	1726	1.5E-6	T	14-08-2026	IPR001357	BRCT domain	-	-
NP_009225.1	e40f752dedf675e2f7c99142ebb2607a	1863	SMART	SM00292	BRCT_7	1758	1845	1.5E-12	T	14-08-2026	IPR001357	BRCT domain	-	-
XP_014314296.1	2021159e54b494da24a5ebd2c101276c	1876	Pfam	PF00533	BRCA1 C Terminus (BRCT) domain	1755	1838	4.0E-4	T	14-08-2026	IPR001357	BRCT domain	-	-
XP_014314296.1	2021159e54b494da24a5ebd2c101276c	1876	Pfam	PF00533	BRCA1 C Terminus (BRCT) domain	1652	1720	3.1E-7	T	14-08-2026	IPR001357	BRCT domain	-	-
XP_014314296.1	2021159e54b494da24a5ebd2c101276c	1876	Pfam	PF12820	Serine-rich domain associated with BRCT	366	519	1.6E-70	T	14-08-2026	IPR025994	BRCA1, serine-rich domain	-	-
XP_014314296.1	2021159e54b494da24a5ebd2c101276c	1876	SMART	SM00292	BRCT_7	1638	1723	3.9E-7	T	14-08-2026	IPR001357	BRCT domain	-	-
XP_014314296.1	2021159e54b494da24a5ebd2c101276c	1876	SMART	SM00292	BRCT_7	1755	1842	2.6E-7	T	14-08-2026	IPR001357	BRCT domain	-	-
XP_014314296.1	2021159e54b494da24a5ebd2c101276c	1876	Pfam	PF00097	Zinc finger, C3HC4 type (RING finger)	47	82	6.8E-4	T	14-08-2026	IPR018957	Zinc finger, C3HC4 RING-type	-	-
XP_034272113.1	9654abcce593047183cec801fe138a8d	1869	SMART	SM00292	BRCT_7	1646	1731	2.3E-5	T	14-08-2026	IPR001357	BRCT domain	-	-
XP_034272113.1	9654abcce593047183cec801fe138a8d	1869	SMART	SM00292	BRCT_7	1763	1850	1.8E-5	T	14-08-2026	IPR001357	BRCT domain	-	-
XP_034272113.1	9654abcce593047183cec801fe138a8d	1869	Pfam	PF00097	Zinc finger, C3HC4 type (RING finger)	24	64	2.5E-7	T	14-08-2026	IPR018957	Zinc finger, C3HC4 RING-type	-	-
XP_034272113.1	9654abcce593047183cec801fe138a8d	1869	SMART	SM00184	ring_2	24	64	3.7E-10	T	14-08-2026	IPR001841	Zinc finger, RING-type	-	-
XP_034272113.1	9654abcce593047183cec801fe138a8d	1869	Pfam	PF00533	BRCA1 C Terminus (BRCT) domain	1657	1728	7.5E-4	T	14-08-2026	IPR001357	BRCT domain	-	-
XP_034272113.1	9654abcce593047183cec801fe138a8d	1869	Pfam	PF00533	BRCA1 C Terminus (BRCT) domain	1762	1847	3.1E-6	T	14-08-2026	IPR001357	BRCT domain	-	-
XP_020651752.3	a06983163433703af07acdbebbd4d1c5	1725	Pfam	PF12820	Serine-rich domain associated with BRCT	358	503	1.6E-19	T	14-08-2026	IPR025994	BRCA1, serine-rich domain	-	-
XP_020651752.3	a06983163433703af07acdbebbd4d1c5	1725	SMART	SM00292	BRCT_7	1508	1593	5.7E-5	T	14-08-2026	IPR001357	BRCT domain	-	-
XP_020651752.3	a06983163433703af07acdbebbd4d1c5	1725	SMART	SM00292	BRCT_7	1625	1712	0.002	T	14-08-2026	IPR001357	BRCT domain	-	-
XP_020651752.3	a06983163433703af07acdbebbd4d1c5	1725	Pfam	PF13923	Zinc finger, C3HC4 type (RING finger)	35	76	7.7E-6	T	14-08-2026	-	-	-	-
XP_020651752.3	a06983163433703af07acdbebbd4d1c5	1725	Pfam	PF00533	BRCA1 C Terminus (BRCT) domain	1522	1590	9.8E-4	T	14-08-2026	IPR001357	BRCT domain	-	-
XP_020651752.3	a06983163433703af07acdbebbd4d1c5	1725	Pfam	PF00533	BRCA1 C Terminus (BRCT) domain	1625	1709	5.9E-5	T	14-08-2026	IPR001357	BRCT domain	-	-
XP_020651752.3	a06983163433703af07acdbebbd4d1c5	1725	SMART	SM00184	ring_2	36	76	3.6E-7	T	14-08-2026	IPR001841	Zinc finger, RING-type	-	-
XP_021136715.2	d18cfeb0ca2d07e356b3d7a7d3223f66	1739	SMART	SM00292	BRCT_7	1524	1609	9.3E-5	T	14-08-2026	IPR001357	BRCT domain	-	-
XP_021136715.2	d18cfeb0ca2d07e356b3d7a7d3223f66	1739	SMART	SM00292	BRCT_7	1641	1728	9.1E-7	T	14-08-2026	IPR001357	BRCT domain	-	-
XP_021136715.2	d18cfeb0ca2d07e356b3d7a7d3223f66	1739	Pfam	PF00533	BRCA1 C Terminus (BRCT) domain	1534	1606	1.2E-5	T	14-08-2026	IPR001357	BRCT domain	-	-
XP_021136715.2	d18cfeb0ca2d07e356b3d7a7d3223f66	1739	Pfam	PF00533	BRCA1 C Terminus (BRCT) domain	1642	1724	5.2E-5	T	14-08-2026	IPR001357	BRCT domain	-	-
XP_021136715.2	d18cfeb0ca2d07e356b3d7a7d3223f66	1739	Pfam	PF12820	Serine-rich domain associated with BRCT	365	520	2.7E-39	T	14-08-2026	IPR025994	BRCA1, serine-rich domain	-	-
XP_021136715.2	d18cfeb0ca2d07e356b3d7a7d3223f66	1739	Pfam	PF00097	Zinc finger, C3HC4 type (RING finger)	27	68	2.0E-6	T	14-08-2026	IPR018957	Zinc finger, C3HC4 RING-type	-	-
XP_021136715.2	d18cfeb0ca2d07e356b3d7a7d3223f66	1739	SMART	SM00184	ring_2	27	68	2.9E-7	T	14-08-2026	IPR001841	Zinc finger, RING-type	-	-
XP_013845389.1	80d8b48d182e600020b192b5eae8dc43	1865	SMART	SM00184	ring_2	24	64	2.4E-7	T	14-08-2026	IPR001841	Zinc finger, RING-type	-	-
XP_013845389.1	80d8b48d182e600020b192b5eae8dc43	1865	SMART	SM00292	BRCT_7	1642	1724	1.2E-6	T	14-08-2026	IPR001357	BRCT domain	-	-
XP_013845389.1	80d8b48d182e600020b192b5eae8dc43	1865	SMART	SM00292	BRCT_7	1756	1843	1.1E-8	T	14-08-2026	IPR001357	BRCT domain	-	-
XP_013845389.1	80d8b48d182e600020b192b5eae8dc43	1865	Pfam	PF00097	Zinc finger, C3HC4 type (RING finger)	24	64	1.7E-6	T	14-08-2026	IPR018957	Zinc finger, C3HC4 RING-type	-	-
XP_013845389.1	80d8b48d182e600020b192b5eae8dc43	1865	Pfam	PF00533	BRCA1 C Terminus (BRCT) domain	1756	1840	4.7E-5	T	14-08-2026	IPR001357	BRCT domain	-	-
XP_013845389.1	80d8b48d182e600020b192b5eae8dc43	1865	Pfam	PF00533	BRCA1 C Terminus (BRCT) domain	1649	1721	2.1E-6	T	14-08-2026	IPR001357	BRCT domain	-	-
XP_013845389.1	80d8b48d182e600020b192b5eae8dc43	1865	Pfam	PF12820	Serine-rich domain associated with BRCT	342	503	4.7E-77	T	14-08-2026	IPR025994	BRCA1, serine-rich domain	-	-
XP_045382602.1	e2326656b614d26dbf69f76414235cf9	1849	SMART	SM00292	BRCT_7	1623	1705	1.9E-6	T	14-08-2026	IPR001357	BRCT domain	-	-
XP_045382602.1	e2326656b614d26dbf69f76414235cf9	1849	SMART	SM00292	BRCT_7	1737	1824	3.4E-12	T	14-08-2026	IPR001357	BRCT domain	-	-
XP_045382602.1	e2326656b614d26dbf69f76414235cf9	1849	SMART	SM00184	ring_2	24	64	2.1E-7	T	14-08-2026	IPR001841	Zinc finger, RING-type	-	-
XP_045382602.1	e2326656b614d26dbf69f76414235cf9	1849	Pfam	PF00097	Zinc finger, C3HC4 type (RING finger)	24	64	2.4E-6	T	14-08-2026	IPR018957	Zinc finger, C3HC4 RING-type	-	-
XP_045382602.1	e2326656b614d26dbf69f76414235cf9	1849	Pfam	PF12820	Serine-rich domain associated with BRCT	348	508	1.0E-72	T	14-08-2026	IPR025994	BRCA1, serine-rich domain	-	-
XP_045382602.1	e2326656b614d26dbf69f76414235cf9	1849	Pfam	PF00533	BRCA1 C Terminus (BRCT) domain	1737	1821	6.7E-7	T	14-08-2026	IPR001357	BRCT domain	-	-
XP_045382602.1	e2326656b614d26dbf69f76414235cf9	1849	Pfam	PF00533	BRCA1 C Terminus (BRCT) domain	1627	1702	8.7E-7	T	14-08-2026	IPR001357	BRCT domain	-	-
XP_019673492.2	24f7eecc2957974f77136322527e0abd	1873	Pfam	PF12820	Serine-rich domain associated with BRCT	345	505	1.3E-73	T	14-08-2026	IPR025994	BRCA1, serine-rich domain	-	-
XP_019673492.2	24f7eecc2957974f77136322527e0abd	1873	Pfam	PF00097	Zinc finger, C3HC4 type (RING finger)	24	64	1.2E-6	T	14-08-2026	IPR018957	Zinc finger, C3HC4 RING-type	-	-
XP_019673492.2	24f7eecc2957974f77136322527e0abd	1873	SMART	SM00184	ring_2	24	64	2.4E-7	T	14-08-2026	IPR001841	Zinc finger, RING-type	-	-
XP_019673492.2	24f7eecc2957974f77136322527e0abd	1873	Pfam	PF00533	BRCA1 C Terminus (BRCT) domain	1659	1726	1.4E-5	T	14-08-2026	IPR001357	BRCT domain	-	-
XP_019673492.2	24f7eecc2957974f77136322527e0abd	1873	Pfam	PF00533	BRCA1 C Terminus (BRCT) domain	1761	1845	2.3E-7	T	14-08-2026	IPR001357	BRCT domain	-	-
XP_019673492.2	24f7eecc2957974f77136322527e0abd	1873	SMART	SM00292	BRCT_7	1761	1848	3.1E-11	T	14-08-2026	IPR001357	BRCT domain	-	-
XP_019673492.2	24f7eecc2957974f77136322527e0abd	1873	SMART	SM00292	BRCT_7	1647	1729	4.3E-5	T	14-08-2026	IPR001357	BRCT domain	-	-
NP_848668.1	b3719a5dea48d6520f3eef4c62a79f00	1849	Pfam	PF00533	BRCA1 C Terminus (BRCT) domain	1752	1835	1.4E-7	T	14-08-2026	IPR001357	BRCT domain	-	-
NP_848668.1	b3719a5dea48d6520f3eef4c62a79f00	1849	Pfam	PF00533	BRCA1 C Terminus (BRCT) domain	1650	1716	1.3E-6	T	14-08-2026	IPR001357	BRCT domain	-	-
NP_848668.1	b3719a5dea48d6520f3eef4c62a79f00	1849	SMART	SM00184	ring_2	24	64	2.4E-7	T	14-08-2026	IPR001841	Zinc finger, RING-type	-	-
NP_848668.1	b3719a5dea48d6520f3eef4c62a79f00	1849	SMART	SM00292	BRCT_7	1638	1719	3.4E-7	T	14-08-2026	IPR001357	BRCT domain	-	-
NP_848668.1	b3719a5dea48d6520f3eef4c62a79f00	1849	SMART	SM00292	BRCT_7	1751	1838	4.2E-13	T	14-08-2026	IPR001357	BRCT domain	-	-
NP_848668.1	b3719a5dea48d6520f3eef4c62a79f00	1849	Pfam	PF00097	Zinc finger, C3HC4 type (RING finger)	24	64	1.6E-6	T	14-08-2026	IPR018957	Zinc finger, C3HC4 RING-type	-	-
NP_848668.1	b3719a5dea48d6520f3eef4c62a79f00	1849	Pfam	PF12820	Serine-rich domain associated with BRCT	345	505	4.9E-77	T	14-08-2026	IPR025994	BRCA1, serine-rich domain	-	-
XP_058140293.1	bebf8db9a0a80fb6b0196a780f73e884	1839	SMART	SM00184	ring_2	24	64	2.4E-7	T	14-08-2026	IPR001841	Zinc finger, RING-type	-	-
XP_058140293.1	bebf8db9a0a80fb6b0196a780f73e884	1839	Pfam	PF00533	BRCA1 C Terminus (BRCT) domain	1738	1822	3.2E-7	T	14-08-2026	IPR001357	BRCT domain	-	-
XP_058140293.1	bebf8db9a0a80fb6b0196a780f73e884	1839	Pfam	PF00533	BRCA1 C Terminus (BRCT) domain	1640	1703	3.0E-6	T	14-08-2026	IPR001357	BRCT domain	-	-
XP_058140293.1	bebf8db9a0a80fb6b0196a780f73e884	1839	SMART	SM00292	BRCT_7	1624	1706	7.6E-6	T	14-08-2026	IPR001357	BRCT domain	-	-
XP_058140293.1	bebf8db9a0a80fb6b0196a780f73e884	1839	SMART	SM00292	BRCT_7	1738	1825	5.3E-11	T	14-08-2026	IPR001357	BRCT domain	-	-
XP_058140293.1	bebf8db9a0a80fb6b0196a780f73e884	1839	Pfam	PF12820	Serine-rich domain associated with BRCT	344	507	8.1E-71	T	14-08-2026	IPR025994	BRCA1, serine-rich domain	-	-
XP_058140293.1	bebf8db9a0a80fb6b0196a780f73e884	1839	Pfam	PF00097	Zinc finger, C3HC4 type (RING finger)	24	64	1.6E-6	T	14-08-2026	IPR018957	Zinc finger, C3HC4 RING-type	-	-
XP_026576759.1	ba374e8f36e1ef8763d9a8761e60fa64	1563	Pfam	PF00533	BRCA1 C Terminus (BRCT) domain	1456	1541	1.8E-5	T	14-08-2026	IPR001357	BRCT domain	-	-
XP_026576759.1	ba374e8f36e1ef8763d9a8761e60fa64	1563	Pfam	PF00533	BRCA1 C Terminus (BRCT) domain	1352	1422	5.3E-4	T	14-08-2026	IPR001357	BRCT domain	-	-
XP_026576759.1	ba374e8f36e1ef8763d9a8761e60fa64	1563	Pfam	PF13923	Zinc finger, C3HC4 type (RING finger)	23	64	1.0E-6	T	14-08-2026	-	-	-	-
XP_026576759.1	ba374e8f36e1ef8763d9a8761e60fa64	1563	SMART	SM00292	BRCT_7	1457	1544	7.2E-5	T	14-08-2026	IPR001357	BRCT domain	-	-
XP_026576759.1	ba374e8f36e1ef8763d9a8761e60fa64	1563	SMART	SM00292	BRCT_7	1343	1425	4.4E-4	T	14-08-2026	IPR001357	BRCT domain	-	-
XP_026576759.1	ba374e8f36e1ef8763d9a8761e60fa64	1563	SMART	SM00184	ring_2	24	64	9.9E-8	T	14-08-2026	IPR001841	Zinc finger, RING-type	-	-
NP_989500.1	4a479281588f21ec9a5bd0eb205edcd8	1749	SMART	SM00184	ring_2	24	65	3.7E-7	T	14-08-2026	IPR001841	Zinc finger, RING-type	-	-
NP_989500.1	4a479281588f21ec9a5bd0eb205edcd8	1749	SMART	SM00292	BRCT_7	1535	1617	1.2E-4	T	14-08-2026	IPR001357	BRCT domain	-	-
NP_989500.1	4a479281588f21ec9a5bd0eb205edcd8	1749	SMART	SM00292	BRCT_7	1649	1736	4.5E-7	T	14-08-2026	IPR001357	BRCT domain	-	-
NP_989500.1	4a479281588f21ec9a5bd0eb205edcd8	1749	Pfam	PF12820	Serine-rich domain associated with BRCT	361	521	2.1E-49	T	14-08-2026	IPR025994	BRCA1, serine-rich domain	-	-
NP_989500.1	4a479281588f21ec9a5bd0eb205edcd8	1749	Pfam	PF00097	Zinc finger, C3HC4 type (RING finger)	24	65	2.0E-6	T	14-08-2026	IPR018957	Zinc finger, C3HC4 RING-type	-	-
NP_989500.1	4a479281588f21ec9a5bd0eb205edcd8	1749	Pfam	PF00533	BRCA1 C Terminus (BRCT) domain	1648	1733	2.0E-6	T	14-08-2026	IPR001357	BRCT domain	-	-
NP_989500.1	4a479281588f21ec9a5bd0eb205edcd8	1749	Pfam	PF00533	BRCA1 C Terminus (BRCT) domain	1546	1614	2.1E-5	T	14-08-2026	IPR001357	BRCT domain	-	-
XP_029879002.1	81e9c5730af420c21adf8ebcd7833e03	1867	Pfam	PF00097	Zinc finger, C3HC4 type (RING finger)	24	65	3.1E-6	T	14-08-2026	IPR018957	Zinc finger, C3HC4 RING-type	-	-
XP_029879002.1	81e9c5730af420c21adf8ebcd7833e03	1867	Pfam	PF00533	BRCA1 C Terminus (BRCT) domain	1768	1853	1.4E-6	T	14-08-2026	IPR001357	BRCT domain	-	-
XP_029879002.1	81e9c5730af420c21adf8ebcd7833e03	1867	Pfam	PF00533	BRCA1 C Terminus (BRCT) domain	1663	1734	9.3E-5	T	14-08-2026	IPR001357	BRCT domain	-	-
XP_029879002.1	81e9c5730af420c21adf8ebcd7833e03	1867	Pfam	PF12820	Serine-rich domain associated with BRCT	370	532	6.5E-50	T	14-08-2026	IPR025994	BRCA1, serine-rich domain	-	-
XP_029879002.1	81e9c5730af420c21adf8ebcd7833e03	1867	SMART	SM00184	ring_2	24	65	1.8E-7	T	14-08-2026	IPR001841	Zinc finger, RING-type	-	-
XP_029879002.1	81e9c5730af420c21adf8ebcd7833e03	1867	SMART	SM00292	BRCT_7	1652	1737	6.4E-5	T	14-08-2026	IPR001357	BRCT domain	-	-
XP_029879002.1	81e9c5730af420c21adf8ebcd7833e03	1867	SMART	SM00292	BRCT_7	1769	1856	2.3E-9	T	14-08-2026	IPR001357	BRCT domain	-	-
XP_075417988.1	ed1eb6942b151461db38de63e457151b	1802	Pfam	PF12820	Serine-rich domain associated with BRCT	341	501	1.7E-49	T	14-08-2026	IPR025994	BRCA1, serine-rich domain	-	-
XP_075417988.1	ed1eb6942b151461db38de63e457151b	1802	SMART	SM00292	BRCT_7	1697	1784	3.4E-11	T	14-08-2026	IPR001357	BRCT domain	-	-
XP_075417988.1	ed1eb6942b151461db38de63e457151b	1802	SMART	SM00292	BRCT_7	1583	1665	1.9E-4	T	14-08-2026	IPR001357	BRCT domain	-	-
XP_075417988.1	ed1eb6942b151461db38de63e457151b	1802	Pfam	PF00533	BRCA1 C Terminus (BRCT) domain	1697	1781	1.9E-5	T	14-08-2026	IPR001357	BRCT domain	-	-
XP_075417988.1	ed1eb6942b151461db38de63e457151b	1802	Pfam	PF00533	BRCA1 C Terminus (BRCT) domain	1593	1657	9.1E-6	T	14-08-2026	IPR001357	BRCT domain	-	-
XP_075417988.1	ed1eb6942b151461db38de63e457151b	1802	SMART	SM00184	ring_2	20	60	1.1E-7	T	14-08-2026	IPR001841	Zinc finger, RING-type	-	-
XP_075417988.1	ed1eb6942b151461db38de63e457151b	1802	Pfam	PF00097	Zinc finger, C3HC4 type (RING finger)	20	60	4.8E-6	T	14-08-2026	IPR018957	Zinc finger, C3HC4 RING-type	-	-
XP_017204702.2	5e262cb5afbe7d18c7bb032508cd6362	1853	Pfam	PF12820	Serine-rich domain associated with BRCT	345	506	2.6E-74	T	14-08-2026	IPR025994	BRCA1, serine-rich domain	-	-
XP_017204702.2	5e262cb5afbe7d18c7bb032508cd6362	1853	Pfam	PF00533	BRCA1 C Terminus (BRCT) domain	1626	1706	1.1E-7	T	14-08-2026	IPR001357	BRCT domain	-	-
XP_017204702.2	5e262cb5afbe7d18c7bb032508cd6362	1853	Pfam	PF00533	BRCA1 C Terminus (BRCT) domain	1741	1825	4.3E-5	T	14-08-2026	IPR001357	BRCT domain	-	-
XP_017204702.2	5e262cb5afbe7d18c7bb032508cd6362	1853	SMART	SM00184	ring_2	24	64	2.4E-7	T	14-08-2026	IPR001841	Zinc finger, RING-type	-	-
XP_017204702.2	5e262cb5afbe7d18c7bb032508cd6362	1853	SMART	SM00292	BRCT_7	1741	1828	1.1E-7	T	14-08-2026	IPR001357	BRCT domain	-	-
XP_017204702.2	5e262cb5afbe7d18c7bb032508cd6362	1853	SMART	SM00292	BRCT_7	1627	1709	2.3E-7	T	14-08-2026	IPR001357	BRCT domain	-	-
XP_017204702.2	5e262cb5afbe7d18c7bb032508cd6362	1853	Pfam	PF00097	Zinc finger, C3HC4 type (RING finger)	24	64	1.6E-6	T	14-08-2026	IPR018957	Zinc finger, C3HC4 RING-type	-	-
XP_074079897.1	4346e302699d7bb086051603947da26d	1835	SMART	SM00184	ring_2	24	64	3.9E-7	T	14-08-2026	IPR001841	Zinc finger, RING-type	-	-
XP_074079897.1	4346e302699d7bb086051603947da26d	1835	Pfam	PF00097	Zinc finger, C3HC4 type (RING finger)	24	64	2.7E-6	T	14-08-2026	IPR018957	Zinc finger, C3HC4 RING-type	-	-
XP_074079897.1	4346e302699d7bb086051603947da26d	1835	Pfam	PF12820	Serine-rich domain associated with BRCT	335	487	9.2E-29	T	14-08-2026	IPR025994	BRCA1, serine-rich domain	-	-
XP_074079897.1	4346e302699d7bb086051603947da26d	1835	Pfam	PF00533	BRCA1 C Terminus (BRCT) domain	1623	1696	6.1E-5	T	14-08-2026	IPR001357	BRCT domain	-	-
XP_074079897.1	4346e302699d7bb086051603947da26d	1835	Pfam	PF00533	BRCA1 C Terminus (BRCT) domain	1730	1815	1.0E-4	T	14-08-2026	IPR001357	BRCT domain	-	-
XP_074079897.1	4346e302699d7bb086051603947da26d	1835	SMART	SM00292	BRCT_7	1731	1818	9.3E-11	T	14-08-2026	IPR001357	BRCT domain	-	-
XP_074079897.1	4346e302699d7bb086051603947da26d	1835	SMART	SM00292	BRCT_7	1617	1699	1.5E-6	T	14-08-2026	IPR001357	BRCT domain	-	-
XP_014595447.2	4e54ea06434831ad4a6f9f60e4cf59dd	1856	Pfam	PF12820	Serine-rich domain associated with BRCT	345	508	1.1E-74	T	14-08-2026	IPR025994	BRCA1, serine-rich domain	-	-
XP_014595447.2	4e54ea06434831ad4a6f9f60e4cf59dd	1856	Pfam	PF00533	BRCA1 C Terminus (BRCT) domain	1755	1839	1.0E-8	T	14-08-2026	IPR001357	BRCT domain	-	-
XP_014595447.2	4e54ea06434831ad4a6f9f60e4cf59dd	1856	Pfam	PF00533	BRCA1 C Terminus (BRCT) domain	1657	1720	1.2E-6	T	14-08-2026	IPR001357	BRCT domain	-	-
XP_014595447.2	4e54ea06434831ad4a6f9f60e4cf59dd	1856	SMART	SM00184	ring_2	24	64	2.4E-7	T	14-08-2026	IPR001841	Zinc finger, RING-type	-	-
XP_014595447.2	4e54ea06434831ad4a6f9f60e4cf59dd	1856	SMART	SM00292	BRCT_7	1755	1842	1.4E-13	T	14-08-2026	IPR001357	BRCT domain	-	-
XP_014595447.2	4e54ea06434831ad4a6f9f60e4cf59dd	1856	SMART	SM00292	BRCT_7	1641	1723	6.2E-7	T	14-08-2026	IPR001357	BRCT domain	-	-
XP_014595447.2	4e54ea06434831ad4a6f9f60e4cf59dd	1856	Pfam	PF00097	Zinc finger, C3HC4 type (RING finger)	24	64	1.6E-6	T	14-08-2026	IPR018957	Zinc finger, C3HC4 RING-type	-	-
XP_069490300.1	1b08eb7d0c75947c67bc8dce19698b27	1955	Pfam	PF12820	Serine-rich domain associated with BRCT	376	527	1.3E-11	T	14-08-2026	IPR025994	BRCA1, serine-rich domain	-	-
XP_069490300.1	1b08eb7d0c75947c67bc8dce19698b27	1955	SMART	SM00292	BRCT_7	1856	1942	1.1E-6	T	14-08-2026	IPR001357	BRCT domain	-	-
XP_069490300.1	1b08eb7d0c75947c67bc8dce19698b27	1955	SMART	SM00292	BRCT_7	1742	1824	2.2E-5	T	14-08-2026	IPR001357	BRCT domain	-	-
XP_069490300.1	1b08eb7d0c75947c67bc8dce19698b27	1955	Pfam	PF00533	BRCA1 C Terminus (BRCT) domain	1860	1938	1.2E-4	T	14-08-2026	IPR001357	BRCT domain	-	-
XP_069490300.1	1b08eb7d0c75947c67bc8dce19698b27	1955	Pfam	PF00533	BRCA1 C Terminus (BRCT) domain	1753	1821	6.6E-5	T	14-08-2026	IPR001357	BRCT domain	-	-
XP_069490300.1	1b08eb7d0c75947c67bc8dce19698b27	1955	SMART	SM00184	ring_2	24	65	2.0E-8	T	14-08-2026	IPR001841	Zinc finger, RING-type	-	-
XP_069490300.1	1b08eb7d0c75947c67bc8dce19698b27	1955	Pfam	PF00097	Zinc finger, C3HC4 type (RING finger)	24	65	1.1E-6	T	14-08-2026	IPR018957	Zinc finger, C3HC4 RING-type	-	-
XP_014464710.1	6734cb5d38a672c4e02356e7bfb263e1	1877	Pfam	PF00533	BRCA1 C Terminus (BRCT) domain	1777	1861	2.8E-5	T	14-08-2026	IPR001357	BRCT domain	-	-
XP_014464710.1	6734cb5d38a672c4e02356e7bfb263e1	1877	Pfam	PF00533	BRCA1 C Terminus (BRCT) domain	1666	1742	1.2E-4	T	14-08-2026	IPR001357	BRCT domain	-	-
XP_014464710.1	6734cb5d38a672c4e02356e7bfb263e1	1877	Pfam	PF12820	Serine-rich domain associated with BRCT	376	529	2.7E-30	T	14-08-2026	IPR025994	BRCA1, serine-rich domain	-	-
XP_014464710.1	6734cb5d38a672c4e02356e7bfb263e1	1877	Pfam	PF00097	Zinc finger, C3HC4 type (RING finger)	24	65	1.1E-5	T	14-08-2026	IPR018957	Zinc finger, C3HC4 RING-type	-	-
XP_014464710.1	6734cb5d38a672c4e02356e7bfb263e1	1877	SMART	SM00292	BRCT_7	1661	1745	0.0059	T	14-08-2026	IPR001357	BRCT domain	-	-
XP_014464710.1	6734cb5d38a672c4e02356e7bfb263e1	1877	SMART	SM00292	BRCT_7	1777	1864	1.6E-4	T	14-08-2026	IPR001357	BRCT domain	-	-
XP_014464710.1	6734cb5d38a672c4e02356e7bfb263e1	1877	SMART	SM00184	ring_2	24	65	1.5E-7	T	14-08-2026	IPR001841	Zinc finger, RING-type	-	-
NP_036646.2	61e134cbda1af23c8aac0e4d27c46f6a	1817	SMART	SM00184	ring_2	24	64	2.4E-7	T	14-08-2026	IPR001841	Zinc finger, RING-type	-	-
NP_036646.2	61e134cbda1af23c8aac0e4d27c46f6a	1817	SMART	SM00292	BRCT_7	1703	1790	4.1E-9	T	14-08-2026	IPR001357	BRCT domain	-	-
NP_036646.2	61e134cbda1af23c8aac0e4d27c46f6a	1817	SMART	SM00292	BRCT_7	1590	1672	7.7E-9	T	14-08-2026	IPR001357	BRCT domain	-	-
NP_036646.2	61e134cbda1af23c8aac0e4d27c46f6a	1817	Pfam	PF12820	Serine-rich domain associated with BRCT	343	504	6.5E-70	T	14-08-2026	IPR025994	BRCA1, serine-rich domain	-	-
NP_036646.2	61e134cbda1af23c8aac0e4d27c46f6a	1817	Pfam	PF00097	Zinc finger, C3HC4 type (RING finger)	24	64	1.6E-6	T	14-08-2026	IPR018957	Zinc finger, C3HC4 RING-type	-	-
NP_036646.2	61e134cbda1af23c8aac0e4d27c46f6a	1817	Pfam	PF00533	BRCA1 C Terminus (BRCT) domain	1593	1669	3.3E-7	T	14-08-2026	IPR001357	BRCT domain	-	-
NP_036646.2	61e134cbda1af23c8aac0e4d27c46f6a	1817	Pfam	PF00533	BRCA1 C Terminus (BRCT) domain	1702	1787	1.1E-6	T	14-08-2026	IPR001357	BRCT domain	-	-
XP_008111382.1	22718539a6647b8845f469f6a421b5d1	1697	Pfam	PF12820	Serine-rich domain associated with BRCT	345	497	8.9E-19	T	14-08-2026	IPR025994	BRCA1, serine-rich domain	-	-
XP_008111382.1	22718539a6647b8845f469f6a421b5d1	1697	SMART	SM00292	BRCT_7	1481	1567	1.3E-6	T	14-08-2026	IPR001357	BRCT domain	-	-
XP_008111382.1	22718539a6647b8845f469f6a421b5d1	1697	SMART	SM00292	BRCT_7	1599	1686	0.024	T	14-08-2026	IPR001357	BRCT domain	-	-
XP_008111382.1	22718539a6647b8845f469f6a421b5d1	1697	SMART	SM00184	ring_2	24	64	4.7E-7	T	14-08-2026	IPR001841	Zinc finger, RING-type	-	-
XP_008111382.1	22718539a6647b8845f469f6a421b5d1	1697	Pfam	PF00533	BRCA1 C Terminus (BRCT) domain	1598	1682	0.0046	T	14-08-2026	IPR001357	BRCT domain	-	-
XP_008111382.1	22718539a6647b8845f469f6a421b5d1	1697	Pfam	PF00533	BRCA1 C Terminus (BRCT) domain	1485	1564	8.3E-5	T	14-08-2026	IPR001357	BRCT domain	-	-
XP_008111382.1	22718539a6647b8845f469f6a421b5d1	1697	Pfam	PF00097	Zinc finger, C3HC4 type (RING finger)	24	64	1.1E-5	T	14-08-2026	IPR018957	Zinc finger, C3HC4 RING-type	-	-
XP_047399506.1	8e768c52076d0a360f2ecb1690203ff1	1849	Pfam	PF00533	BRCA1 C Terminus (BRCT) domain	1636	1709	4.5E-6	T	14-08-2026	IPR001357	BRCT domain	-	-
XP_047399506.1	8e768c52076d0a360f2ecb1690203ff1	1849	Pfam	PF00533	BRCA1 C Terminus (BRCT) domain	1744	1828	1.9E-7	T	14-08-2026	IPR001357	BRCT domain	-	-
XP_047399506.1	8e768c52076d0a360f2ecb1690203ff1	1849	SMART	SM00292	BRCT_7	1630	1712	1.3E-5	T	14-08-2026	IPR001357	BRCT domain	-	-
XP_047399506.1	8e768c52076d0a360f2ecb1690203ff1	1849	SMART	SM00292	BRCT_7	1744	1831	4.1E-11	T	14-08-2026	IPR001357	BRCT domain	-	-
XP_047399506.1	8e768c52076d0a360f2ecb1690203ff1	1849	Pfam	PF12820	Serine-rich domain associated with BRCT	351	513	4.6E-76	T	14-08-2026	IPR025994	BRCA1, serine-rich domain	-	-
XP_047399506.1	8e768c52076d0a360f2ecb1690203ff1	1849	Pfam	PF00097	Zinc finger, C3HC4 type (RING finger)	29	69	1.6E-6	T	14-08-2026	IPR018957	Zinc finger, C3HC4 RING-type	-	-
XP_047399506.1	8e768c52076d0a360f2ecb1690203ff1	1849	SMART	SM00184	ring_2	29	69	2.4E-7	T	14-08-2026	IPR001841	Zinc finger, RING-type	-	-
XP_019328559.1	e5ac8753368f6e832747a120976dd04b	1867	Pfam	PF00533	BRCA1 C Terminus (BRCT) domain	1768	1853	3.1E-6	T	14-08-2026	IPR001357	BRCT domain	-	-
XP_019328559.1	e5ac8753368f6e832747a120976dd04b	1867	Pfam	PF00533	BRCA1 C Terminus (BRCT) domain	1661	1734	4.0E-4	T	14-08-2026	IPR001357	BRCT domain	-	-
XP_019328559.1	e5ac8753368f6e832747a120976dd04b	1867	Pfam	PF12820	Serine-rich domain associated with BRCT	370	531	4.5E-51	T	14-08-2026	IPR025994	BRCA1, serine-rich domain	-	-
XP_019328559.1	e5ac8753368f6e832747a120976dd04b	1867	SMART	SM00292	BRCT_7	1652	1737	0.001	T	14-08-2026	IPR001357	BRCT domain	-	-
XP_019328559.1	e5ac8753368f6e832747a120976dd04b	1867	SMART	SM00292	BRCT_7	1769	1856	1.7E-9	T	14-08-2026	IPR001357	BRCT domain	-	-
XP_019328559.1	e5ac8753368f6e832747a120976dd04b	1867	SMART	SM00184	ring_2	24	65	1.8E-7	T	14-08-2026	IPR001841	Zinc finger, RING-type	-	-
XP_019328559.1	e5ac8753368f6e832747a120976dd04b	1867	Pfam	PF00097	Zinc finger, C3HC4 type (RING finger)	24	65	3.1E-6	T	14-08-2026	IPR018957	Zinc finger, C3HC4 RING-type	-	-
XP_075436319.1	d8170ecf8beb13b8dc33aeea8bf945ca	1796	SMART	SM00292	BRCT_7	1598	1677	1.1E-4	T	14-08-2026	IPR001357	BRCT domain	-	-
XP_075436319.1	d8170ecf8beb13b8dc33aeea8bf945ca	1796	Pfam	PF00533	BRCA1 C Terminus (BRCT) domain	1607	1674	1.0E-6	T	14-08-2026	IPR001357	BRCT domain	-	-
XP_075436319.1	d8170ecf8beb13b8dc33aeea8bf945ca	1796	SMART	SM00184	ring_2	24	65	1.6E-7	T	14-08-2026	IPR001841	Zinc finger, RING-type	-	-
XP_075436319.1	d8170ecf8beb13b8dc33aeea8bf945ca	1796	Pfam	PF00097	Zinc finger, C3HC4 type (RING finger)	24	65	5.3E-6	T	14-08-2026	IPR018957	Zinc finger, C3HC4 RING-type	-	-
XP_075436319.1	d8170ecf8beb13b8dc33aeea8bf945ca	1796	Pfam	PF12820	Serine-rich domain associated with BRCT	377	521	1.8E-16	T	14-08-2026	IPR025994	BRCA1, serine-rich domain	-	-
XP_069093862.1	6fdaa34e8984f3805e56681e813f1cf6	1957	SMART	SM00184	ring_2	24	65	4.8E-7	T	14-08-2026	IPR001841	Zinc finger, RING-type	-	-
XP_069093862.1	6fdaa34e8984f3805e56681e813f1cf6	1957	Pfam	PF00097	Zinc finger, C3HC4 type (RING finger)	24	62	1.9E-5	T	14-08-2026	IPR018957	Zinc finger, C3HC4 RING-type	-	-
XP_069093862.1	6fdaa34e8984f3805e56681e813f1cf6	1957	SMART	SM00292	BRCT_7	1744	1826	8.6E-7	T	14-08-2026	IPR001357	BRCT domain	-	-
XP_069093862.1	6fdaa34e8984f3805e56681e813f1cf6	1957	SMART	SM00292	BRCT_7	1858	1944	4.3E-7	T	14-08-2026	IPR001357	BRCT domain	-	-
XP_069093862.1	6fdaa34e8984f3805e56681e813f1cf6	1957	Pfam	PF12820	Serine-rich domain associated with BRCT	371	530	1.1E-13	T	14-08-2026	IPR025994	BRCA1, serine-rich domain	-	-
XP_069093862.1	6fdaa34e8984f3805e56681e813f1cf6	1957	Pfam	PF00533	BRCA1 C Terminus (BRCT) domain	1755	1823	6.1E-5	T	14-08-2026	IPR001357	BRCT domain	-	-
XP_069093862.1	6fdaa34e8984f3805e56681e813f1cf6	1957	Pfam	PF00533	BRCA1 C Terminus (BRCT) domain	1862	1940	0.0013	T	14-08-2026	IPR001357	BRCT domain	-	-
XP_017364815.1	da96a73a22556d4263a9fd0ad9d17e77	1864	SMART	SM00184	ring_2	24	64	2.4E-7	T	14-08-2026	IPR001841	Zinc finger, RING-type	-	-
XP_017364815.1	da96a73a22556d4263a9fd0ad9d17e77	1864	Pfam	PF00097	Zinc finger, C3HC4 type (RING finger)	24	64	1.7E-6	T	14-08-2026	IPR018957	Zinc finger, C3HC4 RING-type	-	-
XP_017364815.1	da96a73a22556d4263a9fd0ad9d17e77	1864	Pfam	PF12820	Serine-rich domain associated with BRCT	345	508	1.2E-76	T	14-08-2026	IPR025994	BRCA1, serine-rich domain	-	-
XP_017364815.1	da96a73a22556d4263a9fd0ad9d17e77	1864	Pfam	PF00533	BRCA1 C Terminus (BRCT) domain	1759	1843	6.0E-8	T	14-08-2026	IPR001357	BRCT domain	-	-
XP_017364815.1	da96a73a22556d4263a9fd0ad9d17e77	1864	Pfam	PF00533	BRCA1 C Terminus (BRCT) domain	1651	1724	3.2E-7	T	14-08-2026	IPR001357	BRCT domain	-	-
XP_017364815.1	da96a73a22556d4263a9fd0ad9d17e77	1864	SMART	SM00292	BRCT_7	1645	1727	4.1E-7	T	14-08-2026	IPR001357	BRCT domain	-	-
XP_017364815.1	da96a73a22556d4263a9fd0ad9d17e77	1864	SMART	SM00292	BRCT_7	1759	1846	1.6E-12	T	14-08-2026	IPR001357	BRCT domain	-	-
NP_033894.3	e823e48be817b0e6f19b053a02675de9	1812	Pfam	PF00533	BRCA1 C Terminus (BRCT) domain	1592	1666	1.9E-7	T	14-08-2026	IPR001357	BRCT domain	-	-
NP_033894.3	e823e48be817b0e6f19b053a02675de9	1812	Pfam	PF00533	BRCA1 C Terminus (BRCT) domain	1699	1784	5.4E-7	T	14-08-2026	IPR001357	BRCT domain	-	-
NP_033894.3	e823e48be817b0e6f19b053a02675de9	1812	SMART	SM00184	ring_2	24	64	2.4E-7	T	14-08-2026	IPR001841	Zinc finger, RING-type	-	-
NP_033894.3	e823e48be817b0e6f19b053a02675de9	1812	Pfam	PF00097	Zinc finger, C3HC4 type (RING finger)	24	64	1.6E-6	T	14-08-2026	IPR018957	Zinc finger, C3HC4 RING-type	-	-
NP_033894.3	e823e48be817b0e6f19b053a02675de9	1812	SMART	SM00292	BRCT_7	1700	1787	5.9E-12	T	14-08-2026	IPR001357	BRCT domain	-	-
NP_033894.3	e823e48be817b0e6f19b053a02675de9	1812	SMART	SM00292	BRCT_7	1587	1669	6.8E-11	T	14-08-2026	IPR001357	BRCT domain	-	-
NP_033894.3	e823e48be817b0e6f19b053a02675de9	1812	Pfam	PF12820	Serine-rich domain associated with BRCT	342	503	6.1E-65	T	14-08-2026	IPR025994	BRCA1, serine-rich domain	-	-
XP_023967135.2	9433f5e04ef91d77b71852d62b0a4249	1908	Pfam	PF12820	Serine-rich domain associated with BRCT	369	529	1.8E-36	T	14-08-2026	IPR025994	BRCA1, serine-rich domain	-	-
XP_023967135.2	9433f5e04ef91d77b71852d62b0a4249	1908	Pfam	PF00097	Zinc finger, C3HC4 type (RING finger)	24	65	2.0E-6	T	14-08-2026	IPR018957	Zinc finger, C3HC4 RING-type	-	-
XP_023967135.2	9433f5e04ef91d77b71852d62b0a4249	1908	SMART	SM00184	ring_2	24	65	1.4E-7	T	14-08-2026	IPR001841	Zinc finger, RING-type	-	-
XP_023967135.2	9433f5e04ef91d77b71852d62b0a4249	1908	Pfam	PF00533	BRCA1 C Terminus (BRCT) domain	1809	1892	2.9E-5	T	14-08-2026	IPR001357	BRCT domain	-	-
XP_023967135.2	9433f5e04ef91d77b71852d62b0a4249	1908	Pfam	PF00533	BRCA1 C Terminus (BRCT) domain	1701	1774	4.0E-7	T	14-08-2026	IPR001357	BRCT domain	-	-
XP_023967135.2	9433f5e04ef91d77b71852d62b0a4249	1908	SMART	SM00292	BRCT_7	1695	1777	4.4E-7	T	14-08-2026	IPR001357	BRCT domain	-	-
XP_023967135.2	9433f5e04ef91d77b71852d62b0a4249	1908	SMART	SM00292	BRCT_7	1809	1895	1.9E-8	T	14-08-2026	IPR001357	BRCT domain	-	-
XP_027301205.3	c9c059e4b38f70d8e9c13f4a15468156	1848	SMART	SM00184	ring_2	24	65	1.0E-7	T	14-08-2026	IPR001841	Zinc finger, RING-type	-	-
XP_027301205.3	c9c059e4b38f70d8e9c13f4a15468156	1848	Pfam	PF00533	BRCA1 C Terminus (BRCT) domain	1749	1834	1.2E-7	T	14-08-2026	IPR001357	BRCT domain	-	-
XP_027301205.3	c9c059e4b38f70d8e9c13f4a15468156	1848	Pfam	PF00533	BRCA1 C Terminus (BRCT) domain	1644	1715	5.0E-5	T	14-08-2026	IPR001357	BRCT domain	-	-
XP_027301205.3	c9c059e4b38f70d8e9c13f4a15468156	1848	SMART	SM00292	BRCT_7	1636	1718	3.7E-4	T	14-08-2026	IPR001357	BRCT domain	-	-
XP_027301205.3	c9c059e4b38f70d8e9c13f4a15468156	1848	SMART	SM00292	BRCT_7	1750	1837	1.7E-8	T	14-08-2026	IPR001357	BRCT domain	-	-
XP_027301205.3	c9c059e4b38f70d8e9c13f4a15468156	1848	Pfam	PF00097	Zinc finger, C3HC4 type (RING finger)	24	65	2.1E-6	T	14-08-2026	IPR018957	Zinc finger, C3HC4 RING-type	-	-
XP_027301205.3	c9c059e4b38f70d8e9c13f4a15468156	1848	Pfam	PF12820	Serine-rich domain associated with BRCT	367	529	6.9E-51	T	14-08-2026	IPR025994	BRCA1, serine-rich domain	-	-
XP_072775070.1	15f9eab053a723deea55f36e87acbac0	1803	SMART	SM00184	ring_2	24	65	1.1E-7	T	14-08-2026	IPR001841	Zinc finger, RING-type	-	-
XP_072775070.1	15f9eab053a723deea55f36e87acbac0	1803	Pfam	PF00533	BRCA1 C Terminus (BRCT) domain	1705	1789	1.8E-5	T	14-08-2026	IPR001357	BRCT domain	-	-
XP_072775070.1	15f9eab053a723deea55f36e87acbac0	1803	Pfam	PF00533	BRCA1 C Terminus (BRCT) domain	1597	1670	1.3E-5	T	14-08-2026	IPR001357	BRCT domain	-	-
XP_072775070.1	15f9eab053a723deea55f36e87acbac0	1803	SMART	SM00292	BRCT_7	1705	1792	7.5E-8	T	14-08-2026	IPR001357	BRCT domain	-	-
XP_072775070.1	15f9eab053a723deea55f36e87acbac0	1803	SMART	SM00292	BRCT_7	1591	1673	6.6E-7	T	14-08-2026	IPR001357	BRCT domain	-	-
XP_072775070.1	15f9eab053a723deea55f36e87acbac0	1803	Pfam	PF12820	Serine-rich domain associated with BRCT	368	527	2.0E-50	T	14-08-2026	IPR025994	BRCA1, serine-rich domain	-	-
XP_072775070.1	15f9eab053a723deea55f36e87acbac0	1803	Pfam	PF00097	Zinc finger, C3HC4 type (RING finger)	24	65	5.9E-7	T	14-08-2026	IPR018957	Zinc finger, C3HC4 RING-type	-	-
XP_006125762.2	418197687357f43cf40bae976828be26	1890	SMART	SM00184	ring_2	24	65	1.2E-7	T	14-08-2026	IPR001841	Zinc finger, RING-type	-	-
XP_006125762.2	418197687357f43cf40bae976828be26	1890	SMART	SM00292	BRCT_7	1790	1877	1.7E-4	T	14-08-2026	IPR001357	BRCT domain	-	-
XP_006125762.2	418197687357f43cf40bae976828be26	1890	SMART	SM00292	BRCT_7	1676	1758	5.2E-6	T	14-08-2026	IPR001357	BRCT domain	-	-
XP_006125762.2	418197687357f43cf40bae976828be26	1890	Pfam	PF12820	Serine-rich domain associated with BRCT	366	527	4.1E-38	T	14-08-2026	IPR025994	BRCA1, serine-rich domain	-	-
XP_006125762.2	418197687357f43cf40bae976828be26	1890	Pfam	PF00097	Zinc finger, C3HC4 type (RING finger)	24	65	4.2E-6	T	14-08-2026	IPR018957	Zinc finger, C3HC4 RING-type	-	-
XP_006125762.2	418197687357f43cf40bae976828be26	1890	Pfam	PF00533	BRCA1 C Terminus (BRCT) domain	1790	1874	0.064	T	14-08-2026	IPR001357	BRCT domain	-	-
XP_006125762.2	418197687357f43cf40bae976828be26	1890	Pfam	PF00533	BRCA1 C Terminus (BRCT) domain	1681	1755	2.5E-7	T	14-08-2026	IPR001357	BRCT domain	-	-
XP_019406054.1	50aaf0fa4073152c9dbb0fed11c92c99	1845	Pfam	PF00097	Zinc finger, C3HC4 type (RING finger)	24	65	5.2E-6	T	14-08-2026	IPR018957	Zinc finger, C3HC4 RING-type	-	-
XP_019406054.1	50aaf0fa4073152c9dbb0fed11c92c99	1845	SMART	SM00184	ring_2	24	65	1.2E-7	T	14-08-2026	IPR001841	Zinc finger, RING-type	-	-
XP_019406054.1	50aaf0fa4073152c9dbb0fed11c92c99	1845	Pfam	PF12820	Serine-rich domain associated with BRCT	372	530	9.5E-28	T	14-08-2026	IPR025994	BRCA1, serine-rich domain	-	-
XP_019406054.1	50aaf0fa4073152c9dbb0fed11c92c99	1845	Pfam	PF00533	BRCA1 C Terminus (BRCT) domain	1745	1829	2.8E-5	T	14-08-2026	IPR001357	BRCT domain	-	-
XP_019406054.1	50aaf0fa4073152c9dbb0fed11c92c99	1845	Pfam	PF00533	BRCA1 C Terminus (BRCT) domain	1631	1710	1.3E-5	T	14-08-2026	IPR001357	BRCT domain	-	-
XP_019406054.1	50aaf0fa4073152c9dbb0fed11c92c99	1845	SMART	SM00292	BRCT_7	1629	1713	5.0E-4	T	14-08-2026	IPR001357	BRCT domain	-	-
XP_019406054.1	50aaf0fa4073152c9dbb0fed11c92c99	1845	SMART	SM00292	BRCT_7	1745	1832	6.0E-8	T	14-08-2026	IPR001357	BRCT domain	-	-
XP_030901062.1	ca4ea3ea33952c006729d4302c9e73ef	1818	SMART	SM00292	BRCT_7	1603	1688	7.0E-4	T	14-08-2026	IPR001357	BRCT domain	-	-
XP_030901062.1	ca4ea3ea33952c006729d4302c9e73ef	1818	SMART	SM00292	BRCT_7	1720	1807	4.3E-9	T	14-08-2026	IPR001357	BRCT domain	-	-
XP_030901062.1	ca4ea3ea33952c006729d4302c9e73ef	1818	Pfam	PF00097	Zinc finger, C3HC4 type (RING finger)	24	65	5.5E-6	T	14-08-2026	IPR018957	Zinc finger, C3HC4 RING-type	-	-
XP_030901062.1	ca4ea3ea33952c006729d4302c9e73ef	1818	Pfam	PF12820	Serine-rich domain associated with BRCT	368	527	5.0E-43	T	14-08-2026	IPR025994	BRCA1, serine-rich domain	-	-
XP_030901062.1	ca4ea3ea33952c006729d4302c9e73ef	1818	Pfam	PF00533	BRCA1 C Terminus (BRCT) domain	1614	1685	2.5E-5	T	14-08-2026	IPR001357	BRCT domain	-	-
XP_030901062.1	ca4ea3ea33952c006729d4302c9e73ef	1818	Pfam	PF00533	BRCA1 C Terminus (BRCT) domain	1721	1804	3.7E-6	T	14-08-2026	IPR001357	BRCT domain	-	-
XP_030901062.1	ca4ea3ea33952c006729d4302c9e73ef	1818	SMART	SM00184	ring_2	24	65	1.0E-7	T	14-08-2026	IPR001841	Zinc finger, RING-type	-	-
XP_023581001.1	a6af7d104a3de0589addc4d7e7bc9fef	1851	Pfam	PF00097	Zinc finger, C3HC4 type (RING finger)	24	64	1.6E-6	T	14-08-2026	IPR018957	Zinc finger, C3HC4 RING-type	-	-
XP_023581001.1	a6af7d104a3de0589addc4d7e7bc9fef	1851	Pfam	PF00533	BRCA1 C Terminus (BRCT) domain	1647	1711	9.6E-8	T	14-08-2026	IPR001357	BRCT domain	-	-
XP_023581001.1	a6af7d104a3de0589addc4d7e7bc9fef	1851	Pfam	PF00533	BRCA1 C Terminus (BRCT) domain	1746	1830	1.1E-6	T	14-08-2026	IPR001357	BRCT domain	-	-
XP_023581001.1	a6af7d104a3de0589addc4d7e7bc9fef	1851	SMART	SM00184	ring_2	24	64	2.4E-7	T	14-08-2026	IPR001841	Zinc finger, RING-type	-	-
XP_023581001.1	a6af7d104a3de0589addc4d7e7bc9fef	1851	Pfam	PF12820	Serine-rich domain associated with BRCT	345	504	1.1E-72	T	14-08-2026	IPR025994	BRCA1, serine-rich domain	-	-
XP_023581001.1	a6af7d104a3de0589addc4d7e7bc9fef	1851	SMART	SM00292	BRCT_7	1746	1833	2.2E-11	T	14-08-2026	IPR001357	BRCT domain	-	-
XP_023581001.1	a6af7d104a3de0589addc4d7e7bc9fef	1851	SMART	SM00292	BRCT_7	1632	1714	1.3E-7	T	14-08-2026	IPR001357	BRCT domain	-	-
XP_044274665.1	7006ca1111b82d5cd4b8918e3fae675b	1659	Pfam	PF00097	Zinc finger, C3HC4 type (RING finger)	29	69	5.9E-6	T	14-08-2026	IPR018957	Zinc finger, C3HC4 RING-type	-	-
XP_044274665.1	7006ca1111b82d5cd4b8918e3fae675b	1659	SMART	SM00292	BRCT_7	1441	1526	0.0085	T	14-08-2026	IPR001357	BRCT domain	-	-
XP_044274665.1	7006ca1111b82d5cd4b8918e3fae675b	1659	SMART	SM00292	BRCT_7	1558	1623	22.0	T	14-08-2026	IPR001357	BRCT domain	-	-
XP_044274665.1	7006ca1111b82d5cd4b8918e3fae675b	1659	Pfam	PF12820	Serine-rich domain associated with BRCT	341	491	1.6E-20	T	14-08-2026	IPR025994	BRCA1, serine-rich domain	-	-
XP_044274665.1	7006ca1111b82d5cd4b8918e3fae675b	1659	SMART	SM00184	ring_2	29	69	6.0E-8	T	14-08-2026	IPR001841	Zinc finger, RING-type	-	-
XP_044274665.1	7006ca1111b82d5cd4b8918e3fae675b	1659	Pfam	PF00533	BRCA1 C Terminus (BRCT) domain	1451	1523	0.0024	T	14-08-2026	IPR001357	BRCT domain	-	-
XP_037665688.1	6adafdc772d497878030879ff9d0a527	1862	SMART	SM00292	BRCT_7	1643	1725	1.2E-6	T	14-08-2026	IPR001357	BRCT domain	-	-
XP_037665688.1	6adafdc772d497878030879ff9d0a527	1862	SMART	SM00292	BRCT_7	1757	1844	3.2E-14	T	14-08-2026	IPR001357	BRCT domain	-	-
XP_037665688.1	6adafdc772d497878030879ff9d0a527	1862	SMART	SM00184	ring_2	24	64	1.5E-7	T	14-08-2026	IPR001841	Zinc finger, RING-type	-	-
XP_037665688.1	6adafdc772d497878030879ff9d0a527	1862	Pfam	PF00533	BRCA1 C Terminus (BRCT) domain	1757	1841	7.4E-9	T	14-08-2026	IPR001357	BRCT domain	-	-
XP_037665688.1	6adafdc772d497878030879ff9d0a527	1862	Pfam	PF00533	BRCA1 C Terminus (BRCT) domain	1655	1722	1.7E-6	T	14-08-2026	IPR001357	BRCT domain	-	-
XP_037665688.1	6adafdc772d497878030879ff9d0a527	1862	Pfam	PF12820	Serine-rich domain associated with BRCT	345	508	3.4E-71	T	14-08-2026	IPR025994	BRCA1, serine-rich domain	-	-
XP_037665688.1	6adafdc772d497878030879ff9d0a527	1862	Pfam	PF00097	Zinc finger, C3HC4 type (RING finger)	24	64	6.6E-7	T	14-08-2026	IPR018957	Zinc finger, C3HC4 RING-type	-	-
XP_068775093.1	ec9096deb455d99d6e610b027982fa6e	1861	Pfam	PF12820	Serine-rich domain associated with BRCT	377	528	4.8E-47	T	14-08-2026	IPR025994	BRCA1, serine-rich domain	-	-
XP_068775093.1	ec9096deb455d99d6e610b027982fa6e	1861	Pfam	PF00097	Zinc finger, C3HC4 type (RING finger)	24	65	2.1E-6	T	14-08-2026	IPR018957	Zinc finger, C3HC4 RING-type	-	-
XP_068775093.1	ec9096deb455d99d6e610b027982fa6e	1861	SMART	SM00184	ring_2	24	65	2.8E-7	T	14-08-2026	IPR001841	Zinc finger, RING-type	-	-
XP_068775093.1	ec9096deb455d99d6e610b027982fa6e	1861	Pfam	PF00533	BRCA1 C Terminus (BRCT) domain	1762	1847	8.3E-6	T	14-08-2026	IPR001357	BRCT domain	-	-
XP_068775093.1	ec9096deb455d99d6e610b027982fa6e	1861	Pfam	PF00533	BRCA1 C Terminus (BRCT) domain	1660	1728	1.1E-4	T	14-08-2026	IPR001357	BRCT domain	-	-
XP_068775093.1	ec9096deb455d99d6e610b027982fa6e	1861	SMART	SM00292	BRCT_7	1646	1731	5.1E-5	T	14-08-2026	IPR001357	BRCT domain	-	-
XP_068775093.1	ec9096deb455d99d6e610b027982fa6e	1861	SMART	SM00292	BRCT_7	1763	1850	1.4E-8	T	14-08-2026	IPR001357	BRCT domain	-	-
XP_019360910.1	241e1105baa931886ae5a705a48bb424	1877	SMART	SM00292	BRCT_7	1661	1745	0.0015	T	14-08-2026	IPR001357	BRCT domain	-	-
XP_019360910.1	241e1105baa931886ae5a705a48bb424	1877	SMART	SM00292	BRCT_7	1777	1864	4.5E-6	T	14-08-2026	IPR001357	BRCT domain	-	-
XP_019360910.1	241e1105baa931886ae5a705a48bb424	1877	SMART	SM00184	ring_2	24	65	9.4E-8	T	14-08-2026	IPR001841	Zinc finger, RING-type	-	-
XP_019360910.1	241e1105baa931886ae5a705a48bb424	1877	Pfam	PF00097	Zinc finger, C3HC4 type (RING finger)	24	65	3.9E-6	T	14-08-2026	IPR018957	Zinc finger, C3HC4 RING-type	-	-
XP_019360910.1	241e1105baa931886ae5a705a48bb424	1877	Pfam	PF12820	Serine-rich domain associated with BRCT	369	527	1.3E-29	T	14-08-2026	IPR025994	BRCA1, serine-rich domain	-	-
XP_019360910.1	241e1105baa931886ae5a705a48bb424	1877	Pfam	PF00533	BRCA1 C Terminus (BRCT) domain	1664	1742	3.3E-5	T	14-08-2026	IPR001357	BRCT domain	-	-
XP_019360910.1	241e1105baa931886ae5a705a48bb424	1877	Pfam	PF00533	BRCA1 C Terminus (BRCT) domain	1777	1861	5.5E-5	T	14-08-2026	IPR001357	BRCT domain	-	-
XP_029429046.1	4ad5d5a6925c6c632a2f4f86280b3ed1	1920	Pfam	PF00533	BRCA1 C Terminus (BRCT) domain	1820	1903	0.26	T	14-08-2026	IPR001357	BRCT domain	-	-
XP_029429046.1	4ad5d5a6925c6c632a2f4f86280b3ed1	1920	Pfam	PF00533	BRCA1 C Terminus (BRCT) domain	1717	1785	1.7E-6	T	14-08-2026	IPR001357	BRCT domain	-	-
XP_029429046.1	4ad5d5a6925c6c632a2f4f86280b3ed1	1920	Pfam	PF12820	Serine-rich domain associated with BRCT	368	523	6.5E-26	T	14-08-2026	IPR025994	BRCA1, serine-rich domain	-	-
XP_029429046.1	4ad5d5a6925c6c632a2f4f86280b3ed1	1920	Pfam	PF00097	Zinc finger, C3HC4 type (RING finger)	24	65	3.9E-6	T	14-08-2026	IPR018957	Zinc finger, C3HC4 RING-type	-	-
XP_029429046.1	4ad5d5a6925c6c632a2f4f86280b3ed1	1920	SMART	SM00292	BRCT_7	1820	1907	2.2E-4	T	14-08-2026	IPR001357	BRCT domain	-	-
XP_029429046.1	4ad5d5a6925c6c632a2f4f86280b3ed1	1920	SMART	SM00292	BRCT_7	1706	1788	1.2E-7	T	14-08-2026	IPR001357	BRCT domain	-	-
XP_029429046.1	4ad5d5a6925c6c632a2f4f86280b3ed1	1920	SMART	SM00184	ring_2	24	65	4.1E-8	T	14-08-2026	IPR001841	Zinc finger, RING-type	-	-
NP_001038958.1	d33b029cdf5c3ff2be1c989d83f8d20a	1863	Pfam	PF00533	BRCA1 C Terminus (BRCT) domain	1644	1723	5.2E-7	T	14-08-2026	IPR001357	BRCT domain	-	-
NP_001038958.1	d33b029cdf5c3ff2be1c989d83f8d20a	1863	Pfam	PF00533	BRCA1 C Terminus (BRCT) domain	1758	1842	7.7E-8	T	14-08-2026	IPR001357	BRCT domain	-	-
NP_001038958.1	d33b029cdf5c3ff2be1c989d83f8d20a	1863	Pfam	PF12820	Serine-rich domain associated with BRCT	345	507	2.2E-76	T	14-08-2026	IPR025994	BRCA1, serine-rich domain	-	-
NP_001038958.1	d33b029cdf5c3ff2be1c989d83f8d20a	1863	SMART	SM00184	ring_2	24	64	2.4E-7	T	14-08-2026	IPR001841	Zinc finger, RING-type	-	-
NP_001038958.1	d33b029cdf5c3ff2be1c989d83f8d20a	1863	SMART	SM00292	BRCT_7	1644	1726	1.5E-6	T	14-08-2026	IPR001357	BRCT domain	-	-
NP_001038958.1	d33b029cdf5c3ff2be1c989d83f8d20a	1863	SMART	SM00292	BRCT_7	1758	1845	1.5E-12	T	14-08-2026	IPR001357	BRCT domain	-	-
NP_001038958.1	d33b029cdf5c3ff2be1c989d83f8d20a	1863	Pfam	PF00097	Zinc finger, C3HC4 type (RING finger)	24	64	1.6E-6	T	14-08-2026	IPR018957	Zinc finger, C3HC4 RING-type	-	-
XP_027690803.2	86ffb042fccb3a20cc96254e4fc92e13	1908	Pfam	PF12820	Serine-rich domain associated with BRCT	371	532	8.8E-39	T	14-08-2026	IPR025994	BRCA1, serine-rich domain	-	-
XP_027690803.2	86ffb042fccb3a20cc96254e4fc92e13	1908	SMART	SM00184	ring_2	24	65	1.4E-7	T	14-08-2026	IPR001841	Zinc finger, RING-type	-	-
XP_027690803.2	86ffb042fccb3a20cc96254e4fc92e13	1908	Pfam	PF00097	Zinc finger, C3HC4 type (RING finger)	24	65	2.0E-6	T	14-08-2026	IPR018957	Zinc finger, C3HC4 RING-type	-	-
XP_027690803.2	86ffb042fccb3a20cc96254e4fc92e13	1908	Pfam	PF00533	BRCA1 C Terminus (BRCT) domain	1700	1774	3.8E-7	T	14-08-2026	IPR001357	BRCT domain	-	-
XP_027690803.2	86ffb042fccb3a20cc96254e4fc92e13	1908	Pfam	PF00533	BRCA1 C Terminus (BRCT) domain	1809	1892	2.0E-5	T	14-08-2026	IPR001357	BRCT domain	-	-
XP_027690803.2	86ffb042fccb3a20cc96254e4fc92e13	1908	SMART	SM00292	BRCT_7	1809	1895	1.2E-8	T	14-08-2026	IPR001357	BRCT domain	-	-
XP_027690803.2	86ffb042fccb3a20cc96254e4fc92e13	1908	SMART	SM00292	BRCT_7	1695	1777	9.0E-6	T	14-08-2026	IPR001357	BRCT domain	-	-
NP_001107963.1	3d1c35c9de6caeca360a4ffc118451d8	1592	SMART	SM00184	ring_2	19	60	1.7E-7	T	14-08-2026	IPR001841	Zinc finger, RING-type	-	-
NP_001107963.1	3d1c35c9de6caeca360a4ffc118451d8	1592	SMART	SM00292	BRCT_7	1494	1582	3.0E-6	T	14-08-2026	IPR001357	BRCT domain	-	-
NP_001107963.1	3d1c35c9de6caeca360a4ffc118451d8	1592	SMART	SM00292	BRCT_7	1368	1462	0.0022	T	14-08-2026	IPR001357	BRCT domain	-	-
NP_001107963.1	3d1c35c9de6caeca360a4ffc118451d8	1592	Pfam	PF12820	Serine-rich domain associated with BRCT	342	440	4.7E-5	T	14-08-2026	IPR025994	BRCA1, serine-rich domain	-	-
NP_001107963.1	3d1c35c9de6caeca360a4ffc118451d8	1592	Pfam	PF00533	BRCA1 C Terminus (BRCT) domain	1385	1459	3.5E-5	T	14-08-2026	IPR001357	BRCT domain	-	-
NP_001107963.1	3d1c35c9de6caeca360a4ffc118451d8	1592	Pfam	PF00533	BRCA1 C Terminus (BRCT) domain	1495	1579	5.8E-4	T	14-08-2026	IPR001357	BRCT domain	-	-
NP_001107963.1	3d1c35c9de6caeca360a4ffc118451d8	1592	Pfam	PF00097	Zinc finger, C3HC4 type (RING finger)	19	60	1.6E-6	T	14-08-2026	IPR018957	Zinc finger, C3HC4 RING-type	-	-
XP_060059410.1	673dd3bbc5ab4bcaaf09a892851ac0c2	1838	SMART	SM00292	BRCT_7	1726	1813	1.8E-8	T	14-08-2026	IPR001357	BRCT domain	-	-
XP_060059410.1	673dd3bbc5ab4bcaaf09a892851ac0c2	1838	SMART	SM00292	BRCT_7	1607	1694	1.8E-6	T	14-08-2026	IPR001357	BRCT domain	-	-
XP_060059410.1	673dd3bbc5ab4bcaaf09a892851ac0c2	1838	Pfam	PF12820	Serine-rich domain associated with BRCT	340	498	7.9E-52	T	14-08-2026	IPR025994	BRCA1, serine-rich domain	-	-
XP_060059410.1	673dd3bbc5ab4bcaaf09a892851ac0c2	1838	SMART	SM00184	ring_2	24	64	9.0E-8	T	14-08-2026	IPR001841	Zinc finger, RING-type	-	-
XP_060059410.1	673dd3bbc5ab4bcaaf09a892851ac0c2	1838	Pfam	PF00533	BRCA1 C Terminus (BRCT) domain	1628	1691	1.4E-6	T	14-08-2026	IPR001357	BRCT domain	-	-
XP_060059410.1	673dd3bbc5ab4bcaaf09a892851ac0c2	1838	Pfam	PF00533	BRCA1 C Terminus (BRCT) domain	1726	1810	3.8E-7	T	14-08-2026	IPR001357	BRCT domain	-	-
XP_060059410.1	673dd3bbc5ab4bcaaf09a892851ac0c2	1838	Pfam	PF00097	Zinc finger, C3HC4 type (RING finger)	24	64	2.7E-6	T	14-08-2026	IPR018957	Zinc finger, C3HC4 RING-type	-	-
NP_001029141.1	cde6865320bf6dadaa8f2a891568ef6c	1840	SMART	SM00292	BRCT_7	1735	1822	3.0E-9	T	14-08-2026	IPR001357	BRCT domain	-	-
NP_001029141.1	cde6865320bf6dadaa8f2a891568ef6c	1840	SMART	SM00292	BRCT_7	1615	1703	4.8E-6	T	14-08-2026	IPR001357	BRCT domain	-	-
NP_001029141.1	cde6865320bf6dadaa8f2a891568ef6c	1840	Pfam	PF00533	BRCA1 C Terminus (BRCT) domain	1632	1700	3.9E-5	T	14-08-2026	IPR001357	BRCT domain	-	-
NP_001029141.1	cde6865320bf6dadaa8f2a891568ef6c	1840	Pfam	PF00533	BRCA1 C Terminus (BRCT) domain	1735	1819	2.2E-5	T	14-08-2026	IPR001357	BRCT domain	-	-
NP_001029141.1	cde6865320bf6dadaa8f2a891568ef6c	1840	SMART	SM00184	ring_2	24	64	1.5E-7	T	14-08-2026	IPR001841	Zinc finger, RING-type	-	-
NP_001029141.1	cde6865320bf6dadaa8f2a891568ef6c	1840	Pfam	PF12820	Serine-rich domain associated with BRCT	341	507	2.0E-60	T	14-08-2026	IPR025994	BRCA1, serine-rich domain	-	-
NP_001029141.1	cde6865320bf6dadaa8f2a891568ef6c	1840	Pfam	PF00097	Zinc finger, C3HC4 type (RING finger)	24	64	1.2E-6	T	14-08-2026	IPR018957	Zinc finger, C3HC4 RING-type	-	-
XP_025969353.2	f2b65832a5745cf9d10db0a34624b00d	1864	Pfam	PF00533	BRCA1 C Terminus (BRCT) domain	1765	1850	4.2E-7	T	14-08-2026	IPR001357	BRCT domain	-	-
XP_025969353.2	f2b65832a5745cf9d10db0a34624b00d	1864	Pfam	PF00533	BRCA1 C Terminus (BRCT) domain	1660	1731	4.2E-5	T	14-08-2026	IPR001357	BRCT domain	-	-
XP_025969353.2	f2b65832a5745cf9d10db0a34624b00d	1864	SMART	SM00184	ring_2	24	65	2.8E-7	T	14-08-2026	IPR001841	Zinc finger, RING-type	-	-
XP_025969353.2	f2b65832a5745cf9d10db0a34624b00d	1864	SMART	SM00292	BRCT_7	1649	1734	5.5E-5	T	14-08-2026	IPR001357	BRCT domain	-	-
XP_025969353.2	f2b65832a5745cf9d10db0a34624b00d	1864	SMART	SM00292	BRCT_7	1766	1853	4.1E-10	T	14-08-2026	IPR001357	BRCT domain	-	-
XP_025969353.2	f2b65832a5745cf9d10db0a34624b00d	1864	Pfam	PF12820	Serine-rich domain associated with BRCT	377	529	3.9E-44	T	14-08-2026	IPR025994	BRCA1, serine-rich domain	-	-
XP_025969353.2	f2b65832a5745cf9d10db0a34624b00d	1864	Pfam	PF00097	Zinc finger, C3HC4 type (RING finger)	24	65	2.1E-6	T	14-08-2026	IPR018957	Zinc finger, C3HC4 RING-type	-	-
XP_020828279.1	6bd5b7fcd5f0f026dc614a9222c1571e	1857	SMART	SM00184	ring_2	24	64	2.3E-7	T	14-08-2026	IPR001841	Zinc finger, RING-type	-	-
XP_020828279.1	6bd5b7fcd5f0f026dc614a9222c1571e	1857	SMART	SM00292	BRCT_7	1635	1720	3.5E-5	T	14-08-2026	IPR001357	BRCT domain	-	-
XP_020828279.1	6bd5b7fcd5f0f026dc614a9222c1571e	1857	SMART	SM00292	BRCT_7	1752	1839	8.2E-9	T	14-08-2026	IPR001357	BRCT domain	-	-
XP_020828279.1	6bd5b7fcd5f0f026dc614a9222c1571e	1857	Pfam	PF00533	BRCA1 C Terminus (BRCT) domain	1655	1717	1.8E-4	T	14-08-2026	IPR001357	BRCT domain	-	-
XP_020828279.1	6bd5b7fcd5f0f026dc614a9222c1571e	1857	Pfam	PF00533	BRCA1 C Terminus (BRCT) domain	1753	1836	1.1E-5	T	14-08-2026	IPR001357	BRCT domain	-	-
XP_020828279.1	6bd5b7fcd5f0f026dc614a9222c1571e	1857	Pfam	PF12820	Serine-rich domain associated with BRCT	346	511	2.3E-53	T	14-08-2026	IPR025994	BRCA1, serine-rich domain	-	-
XP_020828279.1	6bd5b7fcd5f0f026dc614a9222c1571e	1857	Pfam	PF00097	Zinc finger, C3HC4 type (RING finger)	24	64	2.3E-6	T	14-08-2026	IPR018957	Zinc finger, C3HC4 RING-type	-	-
NP_001108421.1	9cbc7c2809fdebd4884a94b533c89f87	1863	Pfam	PF00533	BRCA1 C Terminus (BRCT) domain	1646	1723	1.2E-5	T	14-08-2026	IPR001357	BRCT domain	-	-
NP_001108421.1	9cbc7c2809fdebd4884a94b533c89f87	1863	Pfam	PF00533	BRCA1 C Terminus (BRCT) domain	1758	1842	4.9E-7	T	14-08-2026	IPR001357	BRCT domain	-	-
NP_001108421.1	9cbc7c2809fdebd4884a94b533c89f87	1863	SMART	SM00184	ring_2	24	64	1.6E-7	T	14-08-2026	IPR001841	Zinc finger, RING-type	-	-
NP_001108421.1	9cbc7c2809fdebd4884a94b533c89f87	1863	SMART	SM00292	BRCT_7	1644	1726	2.2E-5	T	14-08-2026	IPR001357	BRCT domain	-	-
NP_001108421.1	9cbc7c2809fdebd4884a94b533c89f87	1863	SMART	SM00292	BRCT_7	1758	1845	7.0E-13	T	14-08-2026	IPR001357	BRCT domain	-	-
NP_001108421.1	9cbc7c2809fdebd4884a94b533c89f87	1863	Pfam	PF00097	Zinc finger, C3HC4 type (RING finger)	24	64	9.0E-7	T	14-08-2026	IPR018957	Zinc finger, C3HC4 RING-type	-	-
NP_001108421.1	9cbc7c2809fdebd4884a94b533c89f87	1863	Pfam	PF12820	Serine-rich domain associated with BRCT	345	507	3.4E-74	T	14-08-2026	IPR025994	BRCA1, serine-rich domain	-	-
