accession	taxon_id	scientific_name	rank	parent_taxon_id	lineage_node_count	lineage_taxon_ids_json	lineage_scientific_names_json	lineage_ranks_json	ranked_lineage_json	artifact_role	snapshot	source_url	retrieved_at	names_sha256	nodes_sha256	lineage_generator_version
NP_001013434.1	9615	Canis lupus familiaris	subspecies	9612	29	"[""1"",""131567"",""2759"",""33154"",""33208"",""6072"",""33213"",""33511"",""7711"",""89593"",""7742"",""7776"",""117570"",""117571"",""8287"",""1338369"",""32523"",""32524"",""40674"",""32525"",""9347"",""1437010"",""314145"",""33554"",""379584"",""9608"",""9611"",""9612"",""9615""]"	"[""root"",""cellular organisms"",""Eukaryota"",""Opisthokonta"",""Metazoa"",""Eumetazoa"",""Bilateria"",""Deuterostomia"",""Chordata"",""Craniata"",""Vertebrata"",""Gnathostomata"",""Teleostomi"",""Euteleostomi"",""Sarcopterygii"",""Dipnotetrapodomorpha"",""Tetrapoda"",""Amniota"",""Mammalia"",""Theria"",""Eutheria"",""Boreoeutheria"",""Laurasiatheria"",""Carnivora"",""Caniformia"",""Canidae"",""Canis"",""Canis lupus"",""Canis lupus familiaris""]"	"[""no rank"",""cellular root"",""domain"",""clade"",""kingdom"",""clade"",""clade"",""clade"",""phylum"",""subphylum"",""clade"",""clade"",""clade"",""clade"",""superclass"",""clade"",""clade"",""clade"",""class"",""clade"",""clade"",""clade"",""superorder"",""order"",""suborder"",""family"",""genus"",""species"",""subspecies""]"	"[{""taxon_id"":""1"",""scientific_name"":""root"",""rank"":""no rank""},{""taxon_id"":""131567"",""scientific_name"":""cellular organisms"",""rank"":""cellular root""},{""taxon_id"":""2759"",""scientific_name"":""Eukaryota"",""rank"":""domain""},{""taxon_id"":""33154"",""scientific_name"":""Opisthokonta"",""rank"":""clade""},{""taxon_id"":""33208"",""scientific_name"":""Metazoa"",""rank"":""kingdom""},{""taxon_id"":""6072"",""scientific_name"":""Eumetazoa"",""rank"":""clade""},{""taxon_id"":""33213"",""scientific_name"":""Bilateria"",""rank"":""clade""},{""taxon_id"":""33511"",""scientific_name"":""Deuterostomia"",""rank"":""clade""},{""taxon_id"":""7711"",""scientific_name"":""Chordata"",""rank"":""phylum""},{""taxon_id"":""89593"",""scientific_name"":""Craniata"",""rank"":""subphylum""},{""taxon_id"":""7742"",""scientific_name"":""Vertebrata"",""rank"":""clade""},{""taxon_id"":""7776"",""scientific_name"":""Gnathostomata"",""rank"":""clade""},{""taxon_id"":""117570"",""scientific_name"":""Teleostomi"",""rank"":""clade""},{""taxon_id"":""117571"",""scientific_name"":""Euteleostomi"",""rank"":""clade""},{""taxon_id"":""8287"",""scientific_name"":""Sarcopterygii"",""rank"":""superclass""},{""taxon_id"":""1338369"",""scientific_name"":""Dipnotetrapodomorpha"",""rank"":""clade""},{""taxon_id"":""32523"",""scientific_name"":""Tetrapoda"",""rank"":""clade""},{""taxon_id"":""32524"",""scientific_name"":""Amniota"",""rank"":""clade""},{""taxon_id"":""40674"",""scientific_name"":""Mammalia"",""rank"":""class""},{""taxon_id"":""32525"",""scientific_name"":""Theria"",""rank"":""clade""},{""taxon_id"":""9347"",""scientific_name"":""Eutheria"",""rank"":""clade""},{""taxon_id"":""1437010"",""scientific_name"":""Boreoeutheria"",""rank"":""clade""},{""taxon_id"":""314145"",""scientific_name"":""Laurasiatheria"",""rank"":""superorder""},{""taxon_id"":""33554"",""scientific_name"":""Carnivora"",""rank"":""order""},{""taxon_id"":""379584"",""scientific_name"":""Caniformia"",""rank"":""suborder""},{""taxon_id"":""9608"",""scientific_name"":""Canidae"",""rank"":""family""},{""taxon_id"":""9611"",""scientific_name"":""Canis"",""rank"":""genus""},{""taxon_id"":""9612"",""scientific_name"":""Canis lupus"",""rank"":""species""},{""taxon_id"":""9615"",""scientific_name"":""Canis lupus familiaris"",""rank"":""subspecies""}]"	post-plan-non-decision-bearing-taxonomy-evidence	new_taxdump_2026-08-01	https://ftp.ncbi.nlm.nih.gov/pub/taxonomy/taxdump_archive/new_taxdump_2026-08-01.zip	2026-08-13T08:23:00Z	c3aac85da1bf473792e95bf8fe2d6933dcb31f2d649a3f8579e21011d772dca9	502ef4e7f1a8383e89d759b056524e8bcc16fe6950965f972d13f44411430f17	0.1.0
NP_001029141.1	13616	Monodelphis domestica	species	13615	26	"[""1"",""131567"",""2759"",""33154"",""33208"",""6072"",""33213"",""33511"",""7711"",""89593"",""7742"",""7776"",""117570"",""117571"",""8287"",""1338369"",""32523"",""32524"",""40674"",""32525"",""9263"",""38605"",""9265"",""126287"",""13615"",""13616""]"	"[""root"",""cellular organisms"",""Eukaryota"",""Opisthokonta"",""Metazoa"",""Eumetazoa"",""Bilateria"",""Deuterostomia"",""Chordata"",""Craniata"",""Vertebrata"",""Gnathostomata"",""Teleostomi"",""Euteleostomi"",""Sarcopterygii"",""Dipnotetrapodomorpha"",""Tetrapoda"",""Amniota"",""Mammalia"",""Theria"",""Metatheria"",""Didelphimorphia"",""Didelphidae"",""Didelphinae"",""Monodelphis"",""Monodelphis domestica""]"	"[""no rank"",""cellular root"",""domain"",""clade"",""kingdom"",""clade"",""clade"",""clade"",""phylum"",""subphylum"",""clade"",""clade"",""clade"",""clade"",""superclass"",""clade"",""clade"",""clade"",""class"",""clade"",""clade"",""order"",""family"",""subfamily"",""genus"",""species""]"	"[{""taxon_id"":""1"",""scientific_name"":""root"",""rank"":""no rank""},{""taxon_id"":""131567"",""scientific_name"":""cellular organisms"",""rank"":""cellular root""},{""taxon_id"":""2759"",""scientific_name"":""Eukaryota"",""rank"":""domain""},{""taxon_id"":""33154"",""scientific_name"":""Opisthokonta"",""rank"":""clade""},{""taxon_id"":""33208"",""scientific_name"":""Metazoa"",""rank"":""kingdom""},{""taxon_id"":""6072"",""scientific_name"":""Eumetazoa"",""rank"":""clade""},{""taxon_id"":""33213"",""scientific_name"":""Bilateria"",""rank"":""clade""},{""taxon_id"":""33511"",""scientific_name"":""Deuterostomia"",""rank"":""clade""},{""taxon_id"":""7711"",""scientific_name"":""Chordata"",""rank"":""phylum""},{""taxon_id"":""89593"",""scientific_name"":""Craniata"",""rank"":""subphylum""},{""taxon_id"":""7742"",""scientific_name"":""Vertebrata"",""rank"":""clade""},{""taxon_id"":""7776"",""scientific_name"":""Gnathostomata"",""rank"":""clade""},{""taxon_id"":""117570"",""scientific_name"":""Teleostomi"",""rank"":""clade""},{""taxon_id"":""117571"",""scientific_name"":""Euteleostomi"",""rank"":""clade""},{""taxon_id"":""8287"",""scientific_name"":""Sarcopterygii"",""rank"":""superclass""},{""taxon_id"":""1338369"",""scientific_name"":""Dipnotetrapodomorpha"",""rank"":""clade""},{""taxon_id"":""32523"",""scientific_name"":""Tetrapoda"",""rank"":""clade""},{""taxon_id"":""32524"",""scientific_name"":""Amniota"",""rank"":""clade""},{""taxon_id"":""40674"",""scientific_name"":""Mammalia"",""rank"":""class""},{""taxon_id"":""32525"",""scientific_name"":""Theria"",""rank"":""clade""},{""taxon_id"":""9263"",""scientific_name"":""Metatheria"",""rank"":""clade""},{""taxon_id"":""38605"",""scientific_name"":""Didelphimorphia"",""rank"":""order""},{""taxon_id"":""9265"",""scientific_name"":""Didelphidae"",""rank"":""family""},{""taxon_id"":""126287"",""scientific_name"":""Didelphinae"",""rank"":""subfamily""},{""taxon_id"":""13615"",""scientific_name"":""Monodelphis"",""rank"":""genus""},{""taxon_id"":""13616"",""scientific_name"":""Monodelphis domestica"",""rank"":""species""}]"	post-plan-non-decision-bearing-taxonomy-evidence	new_taxdump_2026-08-01	https://ftp.ncbi.nlm.nih.gov/pub/taxonomy/taxdump_archive/new_taxdump_2026-08-01.zip	2026-08-13T08:23:00Z	c3aac85da1bf473792e95bf8fe2d6933dcb31f2d649a3f8579e21011d772dca9	502ef4e7f1a8383e89d759b056524e8bcc16fe6950965f972d13f44411430f17	0.1.0
NP_001038958.1	9598	Pan troglodytes	species	9596	32	"[""1"",""131567"",""2759"",""33154"",""33208"",""6072"",""33213"",""33511"",""7711"",""89593"",""7742"",""7776"",""117570"",""117571"",""8287"",""1338369"",""32523"",""32524"",""40674"",""32525"",""9347"",""1437010"",""314146"",""9443"",""376913"",""314293"",""9526"",""314295"",""9604"",""207598"",""9596"",""9598""]"	"[""root"",""cellular organisms"",""Eukaryota"",""Opisthokonta"",""Metazoa"",""Eumetazoa"",""Bilateria"",""Deuterostomia"",""Chordata"",""Craniata"",""Vertebrata"",""Gnathostomata"",""Teleostomi"",""Euteleostomi"",""Sarcopterygii"",""Dipnotetrapodomorpha"",""Tetrapoda"",""Amniota"",""Mammalia"",""Theria"",""Eutheria"",""Boreoeutheria"",""Euarchontoglires"",""Primates"",""Haplorrhini"",""Simiiformes"",""Catarrhini"",""Hominoidea"",""Hominidae"",""Homininae"",""Pan"",""Pan troglodytes""]"	"[""no rank"",""cellular root"",""domain"",""clade"",""kingdom"",""clade"",""clade"",""clade"",""phylum"",""subphylum"",""clade"",""clade"",""clade"",""clade"",""superclass"",""clade"",""clade"",""clade"",""class"",""clade"",""clade"",""clade"",""superorder"",""order"",""suborder"",""infraorder"",""parvorder"",""superfamily"",""family"",""subfamily"",""genus"",""species""]"	"[{""taxon_id"":""1"",""scientific_name"":""root"",""rank"":""no rank""},{""taxon_id"":""131567"",""scientific_name"":""cellular organisms"",""rank"":""cellular root""},{""taxon_id"":""2759"",""scientific_name"":""Eukaryota"",""rank"":""domain""},{""taxon_id"":""33154"",""scientific_name"":""Opisthokonta"",""rank"":""clade""},{""taxon_id"":""33208"",""scientific_name"":""Metazoa"",""rank"":""kingdom""},{""taxon_id"":""6072"",""scientific_name"":""Eumetazoa"",""rank"":""clade""},{""taxon_id"":""33213"",""scientific_name"":""Bilateria"",""rank"":""clade""},{""taxon_id"":""33511"",""scientific_name"":""Deuterostomia"",""rank"":""clade""},{""taxon_id"":""7711"",""scientific_name"":""Chordata"",""rank"":""phylum""},{""taxon_id"":""89593"",""scientific_name"":""Craniata"",""rank"":""subphylum""},{""taxon_id"":""7742"",""scientific_name"":""Vertebrata"",""rank"":""clade""},{""taxon_id"":""7776"",""scientific_name"":""Gnathostomata"",""rank"":""clade""},{""taxon_id"":""117570"",""scientific_name"":""Teleostomi"",""rank"":""clade""},{""taxon_id"":""117571"",""scientific_name"":""Euteleostomi"",""rank"":""clade""},{""taxon_id"":""8287"",""scientific_name"":""Sarcopterygii"",""rank"":""superclass""},{""taxon_id"":""1338369"",""scientific_name"":""Dipnotetrapodomorpha"",""rank"":""clade""},{""taxon_id"":""32523"",""scientific_name"":""Tetrapoda"",""rank"":""clade""},{""taxon_id"":""32524"",""scientific_name"":""Amniota"",""rank"":""clade""},{""taxon_id"":""40674"",""scientific_name"":""Mammalia"",""rank"":""class""},{""taxon_id"":""32525"",""scientific_name"":""Theria"",""rank"":""clade""},{""taxon_id"":""9347"",""scientific_name"":""Eutheria"",""rank"":""clade""},{""taxon_id"":""1437010"",""scientific_name"":""Boreoeutheria"",""rank"":""clade""},{""taxon_id"":""314146"",""scientific_name"":""Euarchontoglires"",""rank"":""superorder""},{""taxon_id"":""9443"",""scientific_name"":""Primates"",""rank"":""order""},{""taxon_id"":""376913"",""scientific_name"":""Haplorrhini"",""rank"":""suborder""},{""taxon_id"":""314293"",""scientific_name"":""Simiiformes"",""rank"":""infraorder""},{""taxon_id"":""9526"",""scientific_name"":""Catarrhini"",""rank"":""parvorder""},{""taxon_id"":""314295"",""scientific_name"":""Hominoidea"",""rank"":""superfamily""},{""taxon_id"":""9604"",""scientific_name"":""Hominidae"",""rank"":""family""},{""taxon_id"":""207598"",""scientific_name"":""Homininae"",""rank"":""subfamily""},{""taxon_id"":""9596"",""scientific_name"":""Pan"",""rank"":""genus""},{""taxon_id"":""9598"",""scientific_name"":""Pan troglodytes"",""rank"":""species""}]"	post-plan-non-decision-bearing-taxonomy-evidence	new_taxdump_2026-08-01	https://ftp.ncbi.nlm.nih.gov/pub/taxonomy/taxdump_archive/new_taxdump_2026-08-01.zip	2026-08-13T08:23:00Z	c3aac85da1bf473792e95bf8fe2d6933dcb31f2d649a3f8579e21011d772dca9	502ef4e7f1a8383e89d759b056524e8bcc16fe6950965f972d13f44411430f17	0.1.0
NP_001107963.1	8364	Xenopus tropicalis	species	8363	26	"[""1"",""131567"",""2759"",""33154"",""33208"",""6072"",""33213"",""33511"",""7711"",""89593"",""7742"",""7776"",""117570"",""117571"",""8287"",""1338369"",""32523"",""8292"",""41666"",""8342"",""30319"",""8352"",""8360"",""8353"",""8363"",""8364""]"	"[""root"",""cellular organisms"",""Eukaryota"",""Opisthokonta"",""Metazoa"",""Eumetazoa"",""Bilateria"",""Deuterostomia"",""Chordata"",""Craniata"",""Vertebrata"",""Gnathostomata"",""Teleostomi"",""Euteleostomi"",""Sarcopterygii"",""Dipnotetrapodomorpha"",""Tetrapoda"",""Amphibia"",""Batrachia"",""Anura"",""Pipoidea"",""Pipidae"",""Xenopodinae"",""Xenopus"",""Silurana"",""Xenopus tropicalis""]"	"[""no rank"",""cellular root"",""domain"",""clade"",""kingdom"",""clade"",""clade"",""clade"",""phylum"",""subphylum"",""clade"",""clade"",""clade"",""clade"",""superclass"",""clade"",""clade"",""class"",""superorder"",""order"",""superfamily"",""family"",""subfamily"",""genus"",""subgenus"",""species""]"	"[{""taxon_id"":""1"",""scientific_name"":""root"",""rank"":""no rank""},{""taxon_id"":""131567"",""scientific_name"":""cellular organisms"",""rank"":""cellular root""},{""taxon_id"":""2759"",""scientific_name"":""Eukaryota"",""rank"":""domain""},{""taxon_id"":""33154"",""scientific_name"":""Opisthokonta"",""rank"":""clade""},{""taxon_id"":""33208"",""scientific_name"":""Metazoa"",""rank"":""kingdom""},{""taxon_id"":""6072"",""scientific_name"":""Eumetazoa"",""rank"":""clade""},{""taxon_id"":""33213"",""scientific_name"":""Bilateria"",""rank"":""clade""},{""taxon_id"":""33511"",""scientific_name"":""Deuterostomia"",""rank"":""clade""},{""taxon_id"":""7711"",""scientific_name"":""Chordata"",""rank"":""phylum""},{""taxon_id"":""89593"",""scientific_name"":""Craniata"",""rank"":""subphylum""},{""taxon_id"":""7742"",""scientific_name"":""Vertebrata"",""rank"":""clade""},{""taxon_id"":""7776"",""scientific_name"":""Gnathostomata"",""rank"":""clade""},{""taxon_id"":""117570"",""scientific_name"":""Teleostomi"",""rank"":""clade""},{""taxon_id"":""117571"",""scientific_name"":""Euteleostomi"",""rank"":""clade""},{""taxon_id"":""8287"",""scientific_name"":""Sarcopterygii"",""rank"":""superclass""},{""taxon_id"":""1338369"",""scientific_name"":""Dipnotetrapodomorpha"",""rank"":""clade""},{""taxon_id"":""32523"",""scientific_name"":""Tetrapoda"",""rank"":""clade""},{""taxon_id"":""8292"",""scientific_name"":""Amphibia"",""rank"":""class""},{""taxon_id"":""41666"",""scientific_name"":""Batrachia"",""rank"":""superorder""},{""taxon_id"":""8342"",""scientific_name"":""Anura"",""rank"":""order""},{""taxon_id"":""30319"",""scientific_name"":""Pipoidea"",""rank"":""superfamily""},{""taxon_id"":""8352"",""scientific_name"":""Pipidae"",""rank"":""family""},{""taxon_id"":""8360"",""scientific_name"":""Xenopodinae"",""rank"":""subfamily""},{""taxon_id"":""8353"",""scientific_name"":""Xenopus"",""rank"":""genus""},{""taxon_id"":""8363"",""scientific_name"":""Silurana"",""rank"":""subgenus""},{""taxon_id"":""8364"",""scientific_name"":""Xenopus tropicalis"",""rank"":""species""}]"	post-plan-non-decision-bearing-taxonomy-evidence	new_taxdump_2026-08-01	https://ftp.ncbi.nlm.nih.gov/pub/taxonomy/taxdump_archive/new_taxdump_2026-08-01.zip	2026-08-13T08:23:00Z	c3aac85da1bf473792e95bf8fe2d6933dcb31f2d649a3f8579e21011d772dca9	502ef4e7f1a8383e89d759b056524e8bcc16fe6950965f972d13f44411430f17	0.1.0
NP_009225.1	9606	Homo sapiens	species	9605	32	"[""1"",""131567"",""2759"",""33154"",""33208"",""6072"",""33213"",""33511"",""7711"",""89593"",""7742"",""7776"",""117570"",""117571"",""8287"",""1338369"",""32523"",""32524"",""40674"",""32525"",""9347"",""1437010"",""314146"",""9443"",""376913"",""314293"",""9526"",""314295"",""9604"",""207598"",""9605"",""9606""]"	"[""root"",""cellular organisms"",""Eukaryota"",""Opisthokonta"",""Metazoa"",""Eumetazoa"",""Bilateria"",""Deuterostomia"",""Chordata"",""Craniata"",""Vertebrata"",""Gnathostomata"",""Teleostomi"",""Euteleostomi"",""Sarcopterygii"",""Dipnotetrapodomorpha"",""Tetrapoda"",""Amniota"",""Mammalia"",""Theria"",""Eutheria"",""Boreoeutheria"",""Euarchontoglires"",""Primates"",""Haplorrhini"",""Simiiformes"",""Catarrhini"",""Hominoidea"",""Hominidae"",""Homininae"",""Homo"",""Homo sapiens""]"	"[""no rank"",""cellular root"",""domain"",""clade"",""kingdom"",""clade"",""clade"",""clade"",""phylum"",""subphylum"",""clade"",""clade"",""clade"",""clade"",""superclass"",""clade"",""clade"",""clade"",""class"",""clade"",""clade"",""clade"",""superorder"",""order"",""suborder"",""infraorder"",""parvorder"",""superfamily"",""family"",""subfamily"",""genus"",""species""]"	"[{""taxon_id"":""1"",""scientific_name"":""root"",""rank"":""no rank""},{""taxon_id"":""131567"",""scientific_name"":""cellular organisms"",""rank"":""cellular root""},{""taxon_id"":""2759"",""scientific_name"":""Eukaryota"",""rank"":""domain""},{""taxon_id"":""33154"",""scientific_name"":""Opisthokonta"",""rank"":""clade""},{""taxon_id"":""33208"",""scientific_name"":""Metazoa"",""rank"":""kingdom""},{""taxon_id"":""6072"",""scientific_name"":""Eumetazoa"",""rank"":""clade""},{""taxon_id"":""33213"",""scientific_name"":""Bilateria"",""rank"":""clade""},{""taxon_id"":""33511"",""scientific_name"":""Deuterostomia"",""rank"":""clade""},{""taxon_id"":""7711"",""scientific_name"":""Chordata"",""rank"":""phylum""},{""taxon_id"":""89593"",""scientific_name"":""Craniata"",""rank"":""subphylum""},{""taxon_id"":""7742"",""scientific_name"":""Vertebrata"",""rank"":""clade""},{""taxon_id"":""7776"",""scientific_name"":""Gnathostomata"",""rank"":""clade""},{""taxon_id"":""117570"",""scientific_name"":""Teleostomi"",""rank"":""clade""},{""taxon_id"":""117571"",""scientific_name"":""Euteleostomi"",""rank"":""clade""},{""taxon_id"":""8287"",""scientific_name"":""Sarcopterygii"",""rank"":""superclass""},{""taxon_id"":""1338369"",""scientific_name"":""Dipnotetrapodomorpha"",""rank"":""clade""},{""taxon_id"":""32523"",""scientific_name"":""Tetrapoda"",""rank"":""clade""},{""taxon_id"":""32524"",""scientific_name"":""Amniota"",""rank"":""clade""},{""taxon_id"":""40674"",""scientific_name"":""Mammalia"",""rank"":""class""},{""taxon_id"":""32525"",""scientific_name"":""Theria"",""rank"":""clade""},{""taxon_id"":""9347"",""scientific_name"":""Eutheria"",""rank"":""clade""},{""taxon_id"":""1437010"",""scientific_name"":""Boreoeutheria"",""rank"":""clade""},{""taxon_id"":""314146"",""scientific_name"":""Euarchontoglires"",""rank"":""superorder""},{""taxon_id"":""9443"",""scientific_name"":""Primates"",""rank"":""order""},{""taxon_id"":""376913"",""scientific_name"":""Haplorrhini"",""rank"":""suborder""},{""taxon_id"":""314293"",""scientific_name"":""Simiiformes"",""rank"":""infraorder""},{""taxon_id"":""9526"",""scientific_name"":""Catarrhini"",""rank"":""parvorder""},{""taxon_id"":""314295"",""scientific_name"":""Hominoidea"",""rank"":""superfamily""},{""taxon_id"":""9604"",""scientific_name"":""Hominidae"",""rank"":""family""},{""taxon_id"":""207598"",""scientific_name"":""Homininae"",""rank"":""subfamily""},{""taxon_id"":""9605"",""scientific_name"":""Homo"",""rank"":""genus""},{""taxon_id"":""9606"",""scientific_name"":""Homo sapiens"",""rank"":""species""}]"	post-plan-non-decision-bearing-taxonomy-evidence	new_taxdump_2026-08-01	https://ftp.ncbi.nlm.nih.gov/pub/taxonomy/taxdump_archive/new_taxdump_2026-08-01.zip	2026-08-13T08:23:00Z	c3aac85da1bf473792e95bf8fe2d6933dcb31f2d649a3f8579e21011d772dca9	502ef4e7f1a8383e89d759b056524e8bcc16fe6950965f972d13f44411430f17	0.1.0
NP_033894.3	10090	Mus musculus	species	862507	32	"[""1"",""131567"",""2759"",""33154"",""33208"",""6072"",""33213"",""33511"",""7711"",""89593"",""7742"",""7776"",""117570"",""117571"",""8287"",""1338369"",""32523"",""32524"",""40674"",""32525"",""9347"",""1437010"",""314146"",""314147"",""9989"",""1963758"",""337687"",""10066"",""39107"",""10088"",""862507"",""10090""]"	"[""root"",""cellular organisms"",""Eukaryota"",""Opisthokonta"",""Metazoa"",""Eumetazoa"",""Bilateria"",""Deuterostomia"",""Chordata"",""Craniata"",""Vertebrata"",""Gnathostomata"",""Teleostomi"",""Euteleostomi"",""Sarcopterygii"",""Dipnotetrapodomorpha"",""Tetrapoda"",""Amniota"",""Mammalia"",""Theria"",""Eutheria"",""Boreoeutheria"",""Euarchontoglires"",""Glires"",""Rodentia"",""Myomorpha"",""Muroidea"",""Muridae"",""Murinae"",""Mus"",""Mus"",""Mus musculus""]"	"[""no rank"",""cellular root"",""domain"",""clade"",""kingdom"",""clade"",""clade"",""clade"",""phylum"",""subphylum"",""clade"",""clade"",""clade"",""clade"",""superclass"",""clade"",""clade"",""clade"",""class"",""clade"",""clade"",""clade"",""superorder"",""clade"",""order"",""suborder"",""clade"",""family"",""subfamily"",""genus"",""subgenus"",""species""]"	"[{""taxon_id"":""1"",""scientific_name"":""root"",""rank"":""no rank""},{""taxon_id"":""131567"",""scientific_name"":""cellular organisms"",""rank"":""cellular root""},{""taxon_id"":""2759"",""scientific_name"":""Eukaryota"",""rank"":""domain""},{""taxon_id"":""33154"",""scientific_name"":""Opisthokonta"",""rank"":""clade""},{""taxon_id"":""33208"",""scientific_name"":""Metazoa"",""rank"":""kingdom""},{""taxon_id"":""6072"",""scientific_name"":""Eumetazoa"",""rank"":""clade""},{""taxon_id"":""33213"",""scientific_name"":""Bilateria"",""rank"":""clade""},{""taxon_id"":""33511"",""scientific_name"":""Deuterostomia"",""rank"":""clade""},{""taxon_id"":""7711"",""scientific_name"":""Chordata"",""rank"":""phylum""},{""taxon_id"":""89593"",""scientific_name"":""Craniata"",""rank"":""subphylum""},{""taxon_id"":""7742"",""scientific_name"":""Vertebrata"",""rank"":""clade""},{""taxon_id"":""7776"",""scientific_name"":""Gnathostomata"",""rank"":""clade""},{""taxon_id"":""117570"",""scientific_name"":""Teleostomi"",""rank"":""clade""},{""taxon_id"":""117571"",""scientific_name"":""Euteleostomi"",""rank"":""clade""},{""taxon_id"":""8287"",""scientific_name"":""Sarcopterygii"",""rank"":""superclass""},{""taxon_id"":""1338369"",""scientific_name"":""Dipnotetrapodomorpha"",""rank"":""clade""},{""taxon_id"":""32523"",""scientific_name"":""Tetrapoda"",""rank"":""clade""},{""taxon_id"":""32524"",""scientific_name"":""Amniota"",""rank"":""clade""},{""taxon_id"":""40674"",""scientific_name"":""Mammalia"",""rank"":""class""},{""taxon_id"":""32525"",""scientific_name"":""Theria"",""rank"":""clade""},{""taxon_id"":""9347"",""scientific_name"":""Eutheria"",""rank"":""clade""},{""taxon_id"":""1437010"",""scientific_name"":""Boreoeutheria"",""rank"":""clade""},{""taxon_id"":""314146"",""scientific_name"":""Euarchontoglires"",""rank"":""superorder""},{""taxon_id"":""314147"",""scientific_name"":""Glires"",""rank"":""clade""},{""taxon_id"":""9989"",""scientific_name"":""Rodentia"",""rank"":""order""},{""taxon_id"":""1963758"",""scientific_name"":""Myomorpha"",""rank"":""suborder""},{""taxon_id"":""337687"",""scientific_name"":""Muroidea"",""rank"":""clade""},{""taxon_id"":""10066"",""scientific_name"":""Muridae"",""rank"":""family""},{""taxon_id"":""39107"",""scientific_name"":""Murinae"",""rank"":""subfamily""},{""taxon_id"":""10088"",""scientific_name"":""Mus"",""rank"":""genus""},{""taxon_id"":""862507"",""scientific_name"":""Mus"",""rank"":""subgenus""},{""taxon_id"":""10090"",""scientific_name"":""Mus musculus"",""rank"":""species""}]"	post-plan-non-decision-bearing-taxonomy-evidence	new_taxdump_2026-08-01	https://ftp.ncbi.nlm.nih.gov/pub/taxonomy/taxdump_archive/new_taxdump_2026-08-01.zip	2026-08-13T08:23:00Z	c3aac85da1bf473792e95bf8fe2d6933dcb31f2d649a3f8579e21011d772dca9	502ef4e7f1a8383e89d759b056524e8bcc16fe6950965f972d13f44411430f17	0.1.0
NP_848668.1	9913	Bos taurus	species	9903	30	"[""1"",""131567"",""2759"",""33154"",""33208"",""6072"",""33213"",""33511"",""7711"",""89593"",""7742"",""7776"",""117570"",""117571"",""8287"",""1338369"",""32523"",""32524"",""40674"",""32525"",""9347"",""1437010"",""314145"",""91561"",""9845"",""35500"",""9895"",""27592"",""9903"",""9913""]"	"[""root"",""cellular organisms"",""Eukaryota"",""Opisthokonta"",""Metazoa"",""Eumetazoa"",""Bilateria"",""Deuterostomia"",""Chordata"",""Craniata"",""Vertebrata"",""Gnathostomata"",""Teleostomi"",""Euteleostomi"",""Sarcopterygii"",""Dipnotetrapodomorpha"",""Tetrapoda"",""Amniota"",""Mammalia"",""Theria"",""Eutheria"",""Boreoeutheria"",""Laurasiatheria"",""Artiodactyla"",""Ruminantia"",""Pecora"",""Bovidae"",""Bovinae"",""Bos"",""Bos taurus""]"	"[""no rank"",""cellular root"",""domain"",""clade"",""kingdom"",""clade"",""clade"",""clade"",""phylum"",""subphylum"",""clade"",""clade"",""clade"",""clade"",""superclass"",""clade"",""clade"",""clade"",""class"",""clade"",""clade"",""clade"",""superorder"",""order"",""suborder"",""infraorder"",""family"",""subfamily"",""genus"",""species""]"	"[{""taxon_id"":""1"",""scientific_name"":""root"",""rank"":""no rank""},{""taxon_id"":""131567"",""scientific_name"":""cellular organisms"",""rank"":""cellular root""},{""taxon_id"":""2759"",""scientific_name"":""Eukaryota"",""rank"":""domain""},{""taxon_id"":""33154"",""scientific_name"":""Opisthokonta"",""rank"":""clade""},{""taxon_id"":""33208"",""scientific_name"":""Metazoa"",""rank"":""kingdom""},{""taxon_id"":""6072"",""scientific_name"":""Eumetazoa"",""rank"":""clade""},{""taxon_id"":""33213"",""scientific_name"":""Bilateria"",""rank"":""clade""},{""taxon_id"":""33511"",""scientific_name"":""Deuterostomia"",""rank"":""clade""},{""taxon_id"":""7711"",""scientific_name"":""Chordata"",""rank"":""phylum""},{""taxon_id"":""89593"",""scientific_name"":""Craniata"",""rank"":""subphylum""},{""taxon_id"":""7742"",""scientific_name"":""Vertebrata"",""rank"":""clade""},{""taxon_id"":""7776"",""scientific_name"":""Gnathostomata"",""rank"":""clade""},{""taxon_id"":""117570"",""scientific_name"":""Teleostomi"",""rank"":""clade""},{""taxon_id"":""117571"",""scientific_name"":""Euteleostomi"",""rank"":""clade""},{""taxon_id"":""8287"",""scientific_name"":""Sarcopterygii"",""rank"":""superclass""},{""taxon_id"":""1338369"",""scientific_name"":""Dipnotetrapodomorpha"",""rank"":""clade""},{""taxon_id"":""32523"",""scientific_name"":""Tetrapoda"",""rank"":""clade""},{""taxon_id"":""32524"",""scientific_name"":""Amniota"",""rank"":""clade""},{""taxon_id"":""40674"",""scientific_name"":""Mammalia"",""rank"":""class""},{""taxon_id"":""32525"",""scientific_name"":""Theria"",""rank"":""clade""},{""taxon_id"":""9347"",""scientific_name"":""Eutheria"",""rank"":""clade""},{""taxon_id"":""1437010"",""scientific_name"":""Boreoeutheria"",""rank"":""clade""},{""taxon_id"":""314145"",""scientific_name"":""Laurasiatheria"",""rank"":""superorder""},{""taxon_id"":""91561"",""scientific_name"":""Artiodactyla"",""rank"":""order""},{""taxon_id"":""9845"",""scientific_name"":""Ruminantia"",""rank"":""suborder""},{""taxon_id"":""35500"",""scientific_name"":""Pecora"",""rank"":""infraorder""},{""taxon_id"":""9895"",""scientific_name"":""Bovidae"",""rank"":""family""},{""taxon_id"":""27592"",""scientific_name"":""Bovinae"",""rank"":""subfamily""},{""taxon_id"":""9903"",""scientific_name"":""Bos"",""rank"":""genus""},{""taxon_id"":""9913"",""scientific_name"":""Bos taurus"",""rank"":""species""}]"	post-plan-non-decision-bearing-taxonomy-evidence	new_taxdump_2026-08-01	https://ftp.ncbi.nlm.nih.gov/pub/taxonomy/taxdump_archive/new_taxdump_2026-08-01.zip	2026-08-13T08:23:00Z	c3aac85da1bf473792e95bf8fe2d6933dcb31f2d649a3f8579e21011d772dca9	502ef4e7f1a8383e89d759b056524e8bcc16fe6950965f972d13f44411430f17	0.1.0
NP_989500.1	9031	Gallus gallus	species	9030	34	"[""1"",""131567"",""2759"",""33154"",""33208"",""6072"",""33213"",""33511"",""7711"",""89593"",""7742"",""7776"",""117570"",""117571"",""8287"",""1338369"",""32523"",""32524"",""8457"",""32561"",""1329799"",""8492"",""436486"",""436489"",""436491"",""436492"",""8782"",""8825"",""1549675"",""8976"",""9005"",""9072"",""9030"",""9031""]"	"[""root"",""cellular organisms"",""Eukaryota"",""Opisthokonta"",""Metazoa"",""Eumetazoa"",""Bilateria"",""Deuterostomia"",""Chordata"",""Craniata"",""Vertebrata"",""Gnathostomata"",""Teleostomi"",""Euteleostomi"",""Sarcopterygii"",""Dipnotetrapodomorpha"",""Tetrapoda"",""Amniota"",""Sauropsida"",""Sauria"",""Archelosauria"",""Archosauria"",""Dinosauria"",""Saurischia"",""Theropoda"",""Coelurosauria"",""Aves"",""Neognathae"",""Galloanserae"",""Galliformes"",""Phasianidae"",""Phasianinae"",""Gallus"",""Gallus gallus""]"	"[""no rank"",""cellular root"",""domain"",""clade"",""kingdom"",""clade"",""clade"",""clade"",""phylum"",""subphylum"",""clade"",""clade"",""clade"",""clade"",""superclass"",""clade"",""clade"",""clade"",""clade"",""clade"",""clade"",""clade"",""clade"",""clade"",""clade"",""clade"",""class"",""infraclass"",""superorder"",""order"",""family"",""subfamily"",""genus"",""species""]"	"[{""taxon_id"":""1"",""scientific_name"":""root"",""rank"":""no rank""},{""taxon_id"":""131567"",""scientific_name"":""cellular organisms"",""rank"":""cellular root""},{""taxon_id"":""2759"",""scientific_name"":""Eukaryota"",""rank"":""domain""},{""taxon_id"":""33154"",""scientific_name"":""Opisthokonta"",""rank"":""clade""},{""taxon_id"":""33208"",""scientific_name"":""Metazoa"",""rank"":""kingdom""},{""taxon_id"":""6072"",""scientific_name"":""Eumetazoa"",""rank"":""clade""},{""taxon_id"":""33213"",""scientific_name"":""Bilateria"",""rank"":""clade""},{""taxon_id"":""33511"",""scientific_name"":""Deuterostomia"",""rank"":""clade""},{""taxon_id"":""7711"",""scientific_name"":""Chordata"",""rank"":""phylum""},{""taxon_id"":""89593"",""scientific_name"":""Craniata"",""rank"":""subphylum""},{""taxon_id"":""7742"",""scientific_name"":""Vertebrata"",""rank"":""clade""},{""taxon_id"":""7776"",""scientific_name"":""Gnathostomata"",""rank"":""clade""},{""taxon_id"":""117570"",""scientific_name"":""Teleostomi"",""rank"":""clade""},{""taxon_id"":""117571"",""scientific_name"":""Euteleostomi"",""rank"":""clade""},{""taxon_id"":""8287"",""scientific_name"":""Sarcopterygii"",""rank"":""superclass""},{""taxon_id"":""1338369"",""scientific_name"":""Dipnotetrapodomorpha"",""rank"":""clade""},{""taxon_id"":""32523"",""scientific_name"":""Tetrapoda"",""rank"":""clade""},{""taxon_id"":""32524"",""scientific_name"":""Amniota"",""rank"":""clade""},{""taxon_id"":""8457"",""scientific_name"":""Sauropsida"",""rank"":""clade""},{""taxon_id"":""32561"",""scientific_name"":""Sauria"",""rank"":""clade""},{""taxon_id"":""1329799"",""scientific_name"":""Archelosauria"",""rank"":""clade""},{""taxon_id"":""8492"",""scientific_name"":""Archosauria"",""rank"":""clade""},{""taxon_id"":""436486"",""scientific_name"":""Dinosauria"",""rank"":""clade""},{""taxon_id"":""436489"",""scientific_name"":""Saurischia"",""rank"":""clade""},{""taxon_id"":""436491"",""scientific_name"":""Theropoda"",""rank"":""clade""},{""taxon_id"":""436492"",""scientific_name"":""Coelurosauria"",""rank"":""clade""},{""taxon_id"":""8782"",""scientific_name"":""Aves"",""rank"":""class""},{""taxon_id"":""8825"",""scientific_name"":""Neognathae"",""rank"":""infraclass""},{""taxon_id"":""1549675"",""scientific_name"":""Galloanserae"",""rank"":""superorder""},{""taxon_id"":""8976"",""scientific_name"":""Galliformes"",""rank"":""order""},{""taxon_id"":""9005"",""scientific_name"":""Phasianidae"",""rank"":""family""},{""taxon_id"":""9072"",""scientific_name"":""Phasianinae"",""rank"":""subfamily""},{""taxon_id"":""9030"",""scientific_name"":""Gallus"",""rank"":""genus""},{""taxon_id"":""9031"",""scientific_name"":""Gallus gallus"",""rank"":""species""}]"	post-plan-non-decision-bearing-taxonomy-evidence	new_taxdump_2026-08-01	https://ftp.ncbi.nlm.nih.gov/pub/taxonomy/taxdump_archive/new_taxdump_2026-08-01.zip	2026-08-13T08:23:00Z	c3aac85da1bf473792e95bf8fe2d6933dcb31f2d649a3f8579e21011d772dca9	502ef4e7f1a8383e89d759b056524e8bcc16fe6950965f972d13f44411430f17	0.1.0
XP_003414318.3	9785	Loxodonta africana	species	9784	26	"[""1"",""131567"",""2759"",""33154"",""33208"",""6072"",""33213"",""33511"",""7711"",""89593"",""7742"",""7776"",""117570"",""117571"",""8287"",""1338369"",""32523"",""32524"",""40674"",""32525"",""9347"",""311790"",""9779"",""9780"",""9784"",""9785""]"	"[""root"",""cellular organisms"",""Eukaryota"",""Opisthokonta"",""Metazoa"",""Eumetazoa"",""Bilateria"",""Deuterostomia"",""Chordata"",""Craniata"",""Vertebrata"",""Gnathostomata"",""Teleostomi"",""Euteleostomi"",""Sarcopterygii"",""Dipnotetrapodomorpha"",""Tetrapoda"",""Amniota"",""Mammalia"",""Theria"",""Eutheria"",""Afrotheria"",""Proboscidea"",""Elephantidae"",""Loxodonta"",""Loxodonta africana""]"	"[""no rank"",""cellular root"",""domain"",""clade"",""kingdom"",""clade"",""clade"",""clade"",""phylum"",""subphylum"",""clade"",""clade"",""clade"",""clade"",""superclass"",""clade"",""clade"",""clade"",""class"",""clade"",""clade"",""superorder"",""order"",""family"",""genus"",""species""]"	"[{""taxon_id"":""1"",""scientific_name"":""root"",""rank"":""no rank""},{""taxon_id"":""131567"",""scientific_name"":""cellular organisms"",""rank"":""cellular root""},{""taxon_id"":""2759"",""scientific_name"":""Eukaryota"",""rank"":""domain""},{""taxon_id"":""33154"",""scientific_name"":""Opisthokonta"",""rank"":""clade""},{""taxon_id"":""33208"",""scientific_name"":""Metazoa"",""rank"":""kingdom""},{""taxon_id"":""6072"",""scientific_name"":""Eumetazoa"",""rank"":""clade""},{""taxon_id"":""33213"",""scientific_name"":""Bilateria"",""rank"":""clade""},{""taxon_id"":""33511"",""scientific_name"":""Deuterostomia"",""rank"":""clade""},{""taxon_id"":""7711"",""scientific_name"":""Chordata"",""rank"":""phylum""},{""taxon_id"":""89593"",""scientific_name"":""Craniata"",""rank"":""subphylum""},{""taxon_id"":""7742"",""scientific_name"":""Vertebrata"",""rank"":""clade""},{""taxon_id"":""7776"",""scientific_name"":""Gnathostomata"",""rank"":""clade""},{""taxon_id"":""117570"",""scientific_name"":""Teleostomi"",""rank"":""clade""},{""taxon_id"":""117571"",""scientific_name"":""Euteleostomi"",""rank"":""clade""},{""taxon_id"":""8287"",""scientific_name"":""Sarcopterygii"",""rank"":""superclass""},{""taxon_id"":""1338369"",""scientific_name"":""Dipnotetrapodomorpha"",""rank"":""clade""},{""taxon_id"":""32523"",""scientific_name"":""Tetrapoda"",""rank"":""clade""},{""taxon_id"":""32524"",""scientific_name"":""Amniota"",""rank"":""clade""},{""taxon_id"":""40674"",""scientific_name"":""Mammalia"",""rank"":""class""},{""taxon_id"":""32525"",""scientific_name"":""Theria"",""rank"":""clade""},{""taxon_id"":""9347"",""scientific_name"":""Eutheria"",""rank"":""clade""},{""taxon_id"":""311790"",""scientific_name"":""Afrotheria"",""rank"":""superorder""},{""taxon_id"":""9779"",""scientific_name"":""Proboscidea"",""rank"":""order""},{""taxon_id"":""9780"",""scientific_name"":""Elephantidae"",""rank"":""family""},{""taxon_id"":""9784"",""scientific_name"":""Loxodonta"",""rank"":""genus""},{""taxon_id"":""9785"",""scientific_name"":""Loxodonta africana"",""rank"":""species""}]"	post-plan-non-decision-bearing-taxonomy-evidence	new_taxdump_2026-08-01	https://ftp.ncbi.nlm.nih.gov/pub/taxonomy/taxdump_archive/new_taxdump_2026-08-01.zip	2026-08-13T08:23:00Z	c3aac85da1bf473792e95bf8fe2d6933dcb31f2d649a3f8579e21011d772dca9	502ef4e7f1a8383e89d759b056524e8bcc16fe6950965f972d13f44411430f17	0.1.0
XP_008111382.1	28377	Anolis carolinensis	species	28376	30	"[""1"",""131567"",""2759"",""33154"",""33208"",""6072"",""33213"",""33511"",""7711"",""89593"",""7742"",""7776"",""117570"",""117571"",""8287"",""1338369"",""32523"",""32524"",""8457"",""32561"",""8504"",""8509"",""1329961"",""1329950"",""1329912"",""1329911"",""8511"",""2024747"",""28376"",""28377""]"	"[""root"",""cellular organisms"",""Eukaryota"",""Opisthokonta"",""Metazoa"",""Eumetazoa"",""Bilateria"",""Deuterostomia"",""Chordata"",""Craniata"",""Vertebrata"",""Gnathostomata"",""Teleostomi"",""Euteleostomi"",""Sarcopterygii"",""Dipnotetrapodomorpha"",""Tetrapoda"",""Amniota"",""Sauropsida"",""Sauria"",""Lepidosauria"",""Squamata"",""Bifurcata"",""Unidentata"",""Episquamata"",""Toxicofera"",""Iguania"",""Dactyloidae"",""Anolis"",""Anolis carolinensis""]"	"[""no rank"",""cellular root"",""domain"",""clade"",""kingdom"",""clade"",""clade"",""clade"",""phylum"",""subphylum"",""clade"",""clade"",""clade"",""clade"",""superclass"",""clade"",""clade"",""clade"",""clade"",""clade"",""class"",""order"",""clade"",""clade"",""clade"",""clade"",""suborder"",""family"",""genus"",""species""]"	"[{""taxon_id"":""1"",""scientific_name"":""root"",""rank"":""no rank""},{""taxon_id"":""131567"",""scientific_name"":""cellular organisms"",""rank"":""cellular root""},{""taxon_id"":""2759"",""scientific_name"":""Eukaryota"",""rank"":""domain""},{""taxon_id"":""33154"",""scientific_name"":""Opisthokonta"",""rank"":""clade""},{""taxon_id"":""33208"",""scientific_name"":""Metazoa"",""rank"":""kingdom""},{""taxon_id"":""6072"",""scientific_name"":""Eumetazoa"",""rank"":""clade""},{""taxon_id"":""33213"",""scientific_name"":""Bilateria"",""rank"":""clade""},{""taxon_id"":""33511"",""scientific_name"":""Deuterostomia"",""rank"":""clade""},{""taxon_id"":""7711"",""scientific_name"":""Chordata"",""rank"":""phylum""},{""taxon_id"":""89593"",""scientific_name"":""Craniata"",""rank"":""subphylum""},{""taxon_id"":""7742"",""scientific_name"":""Vertebrata"",""rank"":""clade""},{""taxon_id"":""7776"",""scientific_name"":""Gnathostomata"",""rank"":""clade""},{""taxon_id"":""117570"",""scientific_name"":""Teleostomi"",""rank"":""clade""},{""taxon_id"":""117571"",""scientific_name"":""Euteleostomi"",""rank"":""clade""},{""taxon_id"":""8287"",""scientific_name"":""Sarcopterygii"",""rank"":""superclass""},{""taxon_id"":""1338369"",""scientific_name"":""Dipnotetrapodomorpha"",""rank"":""clade""},{""taxon_id"":""32523"",""scientific_name"":""Tetrapoda"",""rank"":""clade""},{""taxon_id"":""32524"",""scientific_name"":""Amniota"",""rank"":""clade""},{""taxon_id"":""8457"",""scientific_name"":""Sauropsida"",""rank"":""clade""},{""taxon_id"":""32561"",""scientific_name"":""Sauria"",""rank"":""clade""},{""taxon_id"":""8504"",""scientific_name"":""Lepidosauria"",""rank"":""class""},{""taxon_id"":""8509"",""scientific_name"":""Squamata"",""rank"":""order""},{""taxon_id"":""1329961"",""scientific_name"":""Bifurcata"",""rank"":""clade""},{""taxon_id"":""1329950"",""scientific_name"":""Unidentata"",""rank"":""clade""},{""taxon_id"":""1329912"",""scientific_name"":""Episquamata"",""rank"":""clade""},{""taxon_id"":""1329911"",""scientific_name"":""Toxicofera"",""rank"":""clade""},{""taxon_id"":""8511"",""scientific_name"":""Iguania"",""rank"":""suborder""},{""taxon_id"":""2024747"",""scientific_name"":""Dactyloidae"",""rank"":""family""},{""taxon_id"":""28376"",""scientific_name"":""Anolis"",""rank"":""genus""},{""taxon_id"":""28377"",""scientific_name"":""Anolis carolinensis"",""rank"":""species""}]"	post-plan-non-decision-bearing-taxonomy-evidence	new_taxdump_2026-08-01	https://ftp.ncbi.nlm.nih.gov/pub/taxonomy/taxdump_archive/new_taxdump_2026-08-01.zip	2026-08-13T08:23:00Z	c3aac85da1bf473792e95bf8fe2d6933dcb31f2d649a3f8579e21011d772dca9	502ef4e7f1a8383e89d759b056524e8bcc16fe6950965f972d13f44411430f17	0.1.0
XP_014595447.2	9796	Equus caballus	species	9789	27	"[""1"",""131567"",""2759"",""33154"",""33208"",""6072"",""33213"",""33511"",""7711"",""89593"",""7742"",""7776"",""117570"",""117571"",""8287"",""1338369"",""32523"",""32524"",""40674"",""32525"",""9347"",""1437010"",""314145"",""9787"",""9788"",""9789"",""9796""]"	"[""root"",""cellular organisms"",""Eukaryota"",""Opisthokonta"",""Metazoa"",""Eumetazoa"",""Bilateria"",""Deuterostomia"",""Chordata"",""Craniata"",""Vertebrata"",""Gnathostomata"",""Teleostomi"",""Euteleostomi"",""Sarcopterygii"",""Dipnotetrapodomorpha"",""Tetrapoda"",""Amniota"",""Mammalia"",""Theria"",""Eutheria"",""Boreoeutheria"",""Laurasiatheria"",""Perissodactyla"",""Equidae"",""Equus"",""Equus caballus""]"	"[""no rank"",""cellular root"",""domain"",""clade"",""kingdom"",""clade"",""clade"",""clade"",""phylum"",""subphylum"",""clade"",""clade"",""clade"",""clade"",""superclass"",""clade"",""clade"",""clade"",""class"",""clade"",""clade"",""clade"",""superorder"",""order"",""family"",""genus"",""species""]"	"[{""taxon_id"":""1"",""scientific_name"":""root"",""rank"":""no rank""},{""taxon_id"":""131567"",""scientific_name"":""cellular organisms"",""rank"":""cellular root""},{""taxon_id"":""2759"",""scientific_name"":""Eukaryota"",""rank"":""domain""},{""taxon_id"":""33154"",""scientific_name"":""Opisthokonta"",""rank"":""clade""},{""taxon_id"":""33208"",""scientific_name"":""Metazoa"",""rank"":""kingdom""},{""taxon_id"":""6072"",""scientific_name"":""Eumetazoa"",""rank"":""clade""},{""taxon_id"":""33213"",""scientific_name"":""Bilateria"",""rank"":""clade""},{""taxon_id"":""33511"",""scientific_name"":""Deuterostomia"",""rank"":""clade""},{""taxon_id"":""7711"",""scientific_name"":""Chordata"",""rank"":""phylum""},{""taxon_id"":""89593"",""scientific_name"":""Craniata"",""rank"":""subphylum""},{""taxon_id"":""7742"",""scientific_name"":""Vertebrata"",""rank"":""clade""},{""taxon_id"":""7776"",""scientific_name"":""Gnathostomata"",""rank"":""clade""},{""taxon_id"":""117570"",""scientific_name"":""Teleostomi"",""rank"":""clade""},{""taxon_id"":""117571"",""scientific_name"":""Euteleostomi"",""rank"":""clade""},{""taxon_id"":""8287"",""scientific_name"":""Sarcopterygii"",""rank"":""superclass""},{""taxon_id"":""1338369"",""scientific_name"":""Dipnotetrapodomorpha"",""rank"":""clade""},{""taxon_id"":""32523"",""scientific_name"":""Tetrapoda"",""rank"":""clade""},{""taxon_id"":""32524"",""scientific_name"":""Amniota"",""rank"":""clade""},{""taxon_id"":""40674"",""scientific_name"":""Mammalia"",""rank"":""class""},{""taxon_id"":""32525"",""scientific_name"":""Theria"",""rank"":""clade""},{""taxon_id"":""9347"",""scientific_name"":""Eutheria"",""rank"":""clade""},{""taxon_id"":""1437010"",""scientific_name"":""Boreoeutheria"",""rank"":""clade""},{""taxon_id"":""314145"",""scientific_name"":""Laurasiatheria"",""rank"":""superorder""},{""taxon_id"":""9787"",""scientific_name"":""Perissodactyla"",""rank"":""order""},{""taxon_id"":""9788"",""scientific_name"":""Equidae"",""rank"":""family""},{""taxon_id"":""9789"",""scientific_name"":""Equus"",""rank"":""genus""},{""taxon_id"":""9796"",""scientific_name"":""Equus caballus"",""rank"":""species""}]"	post-plan-non-decision-bearing-taxonomy-evidence	new_taxdump_2026-08-01	https://ftp.ncbi.nlm.nih.gov/pub/taxonomy/taxdump_archive/new_taxdump_2026-08-01.zip	2026-08-13T08:23:00Z	c3aac85da1bf473792e95bf8fe2d6933dcb31f2d649a3f8579e21011d772dca9	502ef4e7f1a8383e89d759b056524e8bcc16fe6950965f972d13f44411430f17	0.1.0
XP_017204702.2	9986	Oryctolagus cuniculus	species	9984	28	"[""1"",""131567"",""2759"",""33154"",""33208"",""6072"",""33213"",""33511"",""7711"",""89593"",""7742"",""7776"",""117570"",""117571"",""8287"",""1338369"",""32523"",""32524"",""40674"",""32525"",""9347"",""1437010"",""314146"",""314147"",""9975"",""9979"",""9984"",""9986""]"	"[""root"",""cellular organisms"",""Eukaryota"",""Opisthokonta"",""Metazoa"",""Eumetazoa"",""Bilateria"",""Deuterostomia"",""Chordata"",""Craniata"",""Vertebrata"",""Gnathostomata"",""Teleostomi"",""Euteleostomi"",""Sarcopterygii"",""Dipnotetrapodomorpha"",""Tetrapoda"",""Amniota"",""Mammalia"",""Theria"",""Eutheria"",""Boreoeutheria"",""Euarchontoglires"",""Glires"",""Lagomorpha"",""Leporidae"",""Oryctolagus"",""Oryctolagus cuniculus""]"	"[""no rank"",""cellular root"",""domain"",""clade"",""kingdom"",""clade"",""clade"",""clade"",""phylum"",""subphylum"",""clade"",""clade"",""clade"",""clade"",""superclass"",""clade"",""clade"",""clade"",""class"",""clade"",""clade"",""clade"",""superorder"",""clade"",""order"",""family"",""genus"",""species""]"	"[{""taxon_id"":""1"",""scientific_name"":""root"",""rank"":""no rank""},{""taxon_id"":""131567"",""scientific_name"":""cellular organisms"",""rank"":""cellular root""},{""taxon_id"":""2759"",""scientific_name"":""Eukaryota"",""rank"":""domain""},{""taxon_id"":""33154"",""scientific_name"":""Opisthokonta"",""rank"":""clade""},{""taxon_id"":""33208"",""scientific_name"":""Metazoa"",""rank"":""kingdom""},{""taxon_id"":""6072"",""scientific_name"":""Eumetazoa"",""rank"":""clade""},{""taxon_id"":""33213"",""scientific_name"":""Bilateria"",""rank"":""clade""},{""taxon_id"":""33511"",""scientific_name"":""Deuterostomia"",""rank"":""clade""},{""taxon_id"":""7711"",""scientific_name"":""Chordata"",""rank"":""phylum""},{""taxon_id"":""89593"",""scientific_name"":""Craniata"",""rank"":""subphylum""},{""taxon_id"":""7742"",""scientific_name"":""Vertebrata"",""rank"":""clade""},{""taxon_id"":""7776"",""scientific_name"":""Gnathostomata"",""rank"":""clade""},{""taxon_id"":""117570"",""scientific_name"":""Teleostomi"",""rank"":""clade""},{""taxon_id"":""117571"",""scientific_name"":""Euteleostomi"",""rank"":""clade""},{""taxon_id"":""8287"",""scientific_name"":""Sarcopterygii"",""rank"":""superclass""},{""taxon_id"":""1338369"",""scientific_name"":""Dipnotetrapodomorpha"",""rank"":""clade""},{""taxon_id"":""32523"",""scientific_name"":""Tetrapoda"",""rank"":""clade""},{""taxon_id"":""32524"",""scientific_name"":""Amniota"",""rank"":""clade""},{""taxon_id"":""40674"",""scientific_name"":""Mammalia"",""rank"":""class""},{""taxon_id"":""32525"",""scientific_name"":""Theria"",""rank"":""clade""},{""taxon_id"":""9347"",""scientific_name"":""Eutheria"",""rank"":""clade""},{""taxon_id"":""1437010"",""scientific_name"":""Boreoeutheria"",""rank"":""clade""},{""taxon_id"":""314146"",""scientific_name"":""Euarchontoglires"",""rank"":""superorder""},{""taxon_id"":""314147"",""scientific_name"":""Glires"",""rank"":""clade""},{""taxon_id"":""9975"",""scientific_name"":""Lagomorpha"",""rank"":""order""},{""taxon_id"":""9979"",""scientific_name"":""Leporidae"",""rank"":""family""},{""taxon_id"":""9984"",""scientific_name"":""Oryctolagus"",""rank"":""genus""},{""taxon_id"":""9986"",""scientific_name"":""Oryctolagus cuniculus"",""rank"":""species""}]"	post-plan-non-decision-bearing-taxonomy-evidence	new_taxdump_2026-08-01	https://ftp.ncbi.nlm.nih.gov/pub/taxonomy/taxdump_archive/new_taxdump_2026-08-01.zip	2026-08-13T08:23:00Z	c3aac85da1bf473792e95bf8fe2d6933dcb31f2d649a3f8579e21011d772dca9	502ef4e7f1a8383e89d759b056524e8bcc16fe6950965f972d13f44411430f17	0.1.0
XP_019406054.1	8502	Crocodylus porosus	species	8500	27	"[""1"",""131567"",""2759"",""33154"",""33208"",""6072"",""33213"",""33511"",""7711"",""89593"",""7742"",""7776"",""117570"",""117571"",""8287"",""1338369"",""32523"",""32524"",""8457"",""32561"",""1329799"",""8492"",""1294634"",""1298654"",""8493"",""8500"",""8502""]"	"[""root"",""cellular organisms"",""Eukaryota"",""Opisthokonta"",""Metazoa"",""Eumetazoa"",""Bilateria"",""Deuterostomia"",""Chordata"",""Craniata"",""Vertebrata"",""Gnathostomata"",""Teleostomi"",""Euteleostomi"",""Sarcopterygii"",""Dipnotetrapodomorpha"",""Tetrapoda"",""Amniota"",""Sauropsida"",""Sauria"",""Archelosauria"",""Archosauria"",""Crocodylia"",""Longirostres"",""Crocodylidae"",""Crocodylus"",""Crocodylus porosus""]"	"[""no rank"",""cellular root"",""domain"",""clade"",""kingdom"",""clade"",""clade"",""clade"",""phylum"",""subphylum"",""clade"",""clade"",""clade"",""clade"",""superclass"",""clade"",""clade"",""clade"",""clade"",""clade"",""clade"",""clade"",""order"",""clade"",""family"",""genus"",""species""]"	"[{""taxon_id"":""1"",""scientific_name"":""root"",""rank"":""no rank""},{""taxon_id"":""131567"",""scientific_name"":""cellular organisms"",""rank"":""cellular root""},{""taxon_id"":""2759"",""scientific_name"":""Eukaryota"",""rank"":""domain""},{""taxon_id"":""33154"",""scientific_name"":""Opisthokonta"",""rank"":""clade""},{""taxon_id"":""33208"",""scientific_name"":""Metazoa"",""rank"":""kingdom""},{""taxon_id"":""6072"",""scientific_name"":""Eumetazoa"",""rank"":""clade""},{""taxon_id"":""33213"",""scientific_name"":""Bilateria"",""rank"":""clade""},{""taxon_id"":""33511"",""scientific_name"":""Deuterostomia"",""rank"":""clade""},{""taxon_id"":""7711"",""scientific_name"":""Chordata"",""rank"":""phylum""},{""taxon_id"":""89593"",""scientific_name"":""Craniata"",""rank"":""subphylum""},{""taxon_id"":""7742"",""scientific_name"":""Vertebrata"",""rank"":""clade""},{""taxon_id"":""7776"",""scientific_name"":""Gnathostomata"",""rank"":""clade""},{""taxon_id"":""117570"",""scientific_name"":""Teleostomi"",""rank"":""clade""},{""taxon_id"":""117571"",""scientific_name"":""Euteleostomi"",""rank"":""clade""},{""taxon_id"":""8287"",""scientific_name"":""Sarcopterygii"",""rank"":""superclass""},{""taxon_id"":""1338369"",""scientific_name"":""Dipnotetrapodomorpha"",""rank"":""clade""},{""taxon_id"":""32523"",""scientific_name"":""Tetrapoda"",""rank"":""clade""},{""taxon_id"":""32524"",""scientific_name"":""Amniota"",""rank"":""clade""},{""taxon_id"":""8457"",""scientific_name"":""Sauropsida"",""rank"":""clade""},{""taxon_id"":""32561"",""scientific_name"":""Sauria"",""rank"":""clade""},{""taxon_id"":""1329799"",""scientific_name"":""Archelosauria"",""rank"":""clade""},{""taxon_id"":""8492"",""scientific_name"":""Archosauria"",""rank"":""clade""},{""taxon_id"":""1294634"",""scientific_name"":""Crocodylia"",""rank"":""order""},{""taxon_id"":""1298654"",""scientific_name"":""Longirostres"",""rank"":""clade""},{""taxon_id"":""8493"",""scientific_name"":""Crocodylidae"",""rank"":""family""},{""taxon_id"":""8500"",""scientific_name"":""Crocodylus"",""rank"":""genus""},{""taxon_id"":""8502"",""scientific_name"":""Crocodylus porosus"",""rank"":""species""}]"	post-plan-non-decision-bearing-taxonomy-evidence	new_taxdump_2026-08-01	https://ftp.ncbi.nlm.nih.gov/pub/taxonomy/taxdump_archive/new_taxdump_2026-08-01.zip	2026-08-13T08:23:00Z	c3aac85da1bf473792e95bf8fe2d6933dcb31f2d649a3f8579e21011d772dca9	502ef4e7f1a8383e89d759b056524e8bcc16fe6950965f972d13f44411430f17	0.1.0
XP_023967135.2	8478	Chrysemys picta bellii	subspecies	8479	30	"[""1"",""131567"",""2759"",""33154"",""33208"",""6072"",""33213"",""33511"",""7711"",""89593"",""7742"",""7776"",""117570"",""117571"",""8287"",""1338369"",""32523"",""32524"",""8457"",""32561"",""1329799"",""2841271"",""8459"",""8464"",""1579337"",""8486"",""8476"",""8477"",""8479"",""8478""]"	"[""root"",""cellular organisms"",""Eukaryota"",""Opisthokonta"",""Metazoa"",""Eumetazoa"",""Bilateria"",""Deuterostomia"",""Chordata"",""Craniata"",""Vertebrata"",""Gnathostomata"",""Teleostomi"",""Euteleostomi"",""Sarcopterygii"",""Dipnotetrapodomorpha"",""Tetrapoda"",""Amniota"",""Sauropsida"",""Sauria"",""Archelosauria"",""Testudinata"",""Testudines"",""Cryptodira"",""Durocryptodira"",""Testudinoidea"",""Emydidae"",""Chrysemys"",""Chrysemys picta"",""Chrysemys picta bellii""]"	"[""no rank"",""cellular root"",""domain"",""clade"",""kingdom"",""clade"",""clade"",""clade"",""phylum"",""subphylum"",""clade"",""clade"",""clade"",""clade"",""superclass"",""clade"",""clade"",""clade"",""clade"",""clade"",""clade"",""subclass"",""order"",""suborder"",""clade"",""superfamily"",""family"",""genus"",""species"",""subspecies""]"	"[{""taxon_id"":""1"",""scientific_name"":""root"",""rank"":""no rank""},{""taxon_id"":""131567"",""scientific_name"":""cellular organisms"",""rank"":""cellular root""},{""taxon_id"":""2759"",""scientific_name"":""Eukaryota"",""rank"":""domain""},{""taxon_id"":""33154"",""scientific_name"":""Opisthokonta"",""rank"":""clade""},{""taxon_id"":""33208"",""scientific_name"":""Metazoa"",""rank"":""kingdom""},{""taxon_id"":""6072"",""scientific_name"":""Eumetazoa"",""rank"":""clade""},{""taxon_id"":""33213"",""scientific_name"":""Bilateria"",""rank"":""clade""},{""taxon_id"":""33511"",""scientific_name"":""Deuterostomia"",""rank"":""clade""},{""taxon_id"":""7711"",""scientific_name"":""Chordata"",""rank"":""phylum""},{""taxon_id"":""89593"",""scientific_name"":""Craniata"",""rank"":""subphylum""},{""taxon_id"":""7742"",""scientific_name"":""Vertebrata"",""rank"":""clade""},{""taxon_id"":""7776"",""scientific_name"":""Gnathostomata"",""rank"":""clade""},{""taxon_id"":""117570"",""scientific_name"":""Teleostomi"",""rank"":""clade""},{""taxon_id"":""117571"",""scientific_name"":""Euteleostomi"",""rank"":""clade""},{""taxon_id"":""8287"",""scientific_name"":""Sarcopterygii"",""rank"":""superclass""},{""taxon_id"":""1338369"",""scientific_name"":""Dipnotetrapodomorpha"",""rank"":""clade""},{""taxon_id"":""32523"",""scientific_name"":""Tetrapoda"",""rank"":""clade""},{""taxon_id"":""32524"",""scientific_name"":""Amniota"",""rank"":""clade""},{""taxon_id"":""8457"",""scientific_name"":""Sauropsida"",""rank"":""clade""},{""taxon_id"":""32561"",""scientific_name"":""Sauria"",""rank"":""clade""},{""taxon_id"":""1329799"",""scientific_name"":""Archelosauria"",""rank"":""clade""},{""taxon_id"":""2841271"",""scientific_name"":""Testudinata"",""rank"":""subclass""},{""taxon_id"":""8459"",""scientific_name"":""Testudines"",""rank"":""order""},{""taxon_id"":""8464"",""scientific_name"":""Cryptodira"",""rank"":""suborder""},{""taxon_id"":""1579337"",""scientific_name"":""Durocryptodira"",""rank"":""clade""},{""taxon_id"":""8486"",""scientific_name"":""Testudinoidea"",""rank"":""superfamily""},{""taxon_id"":""8476"",""scientific_name"":""Emydidae"",""rank"":""family""},{""taxon_id"":""8477"",""scientific_name"":""Chrysemys"",""rank"":""genus""},{""taxon_id"":""8479"",""scientific_name"":""Chrysemys picta"",""rank"":""species""},{""taxon_id"":""8478"",""scientific_name"":""Chrysemys picta bellii"",""rank"":""subspecies""}]"	post-plan-non-decision-bearing-taxonomy-evidence	new_taxdump_2026-08-01	https://ftp.ncbi.nlm.nih.gov/pub/taxonomy/taxdump_archive/new_taxdump_2026-08-01.zip	2026-08-13T08:23:00Z	c3aac85da1bf473792e95bf8fe2d6933dcb31f2d649a3f8579e21011d772dca9	502ef4e7f1a8383e89d759b056524e8bcc16fe6950965f972d13f44411430f17	0.1.0
XP_026576759.1	8673	Pseudonaja textilis	species	8672	32	"[""1"",""131567"",""2759"",""33154"",""33208"",""6072"",""33213"",""33511"",""7711"",""89593"",""7742"",""7776"",""117570"",""117571"",""8287"",""1338369"",""32523"",""32524"",""8457"",""32561"",""8504"",""8509"",""1329961"",""1329950"",""1329912"",""1329911"",""8570"",""34989"",""8602"",""292440"",""8672"",""8673""]"	"[""root"",""cellular organisms"",""Eukaryota"",""Opisthokonta"",""Metazoa"",""Eumetazoa"",""Bilateria"",""Deuterostomia"",""Chordata"",""Craniata"",""Vertebrata"",""Gnathostomata"",""Teleostomi"",""Euteleostomi"",""Sarcopterygii"",""Dipnotetrapodomorpha"",""Tetrapoda"",""Amniota"",""Sauropsida"",""Sauria"",""Lepidosauria"",""Squamata"",""Bifurcata"",""Unidentata"",""Episquamata"",""Toxicofera"",""Serpentes"",""Colubroidea"",""Elapidae"",""Hydrophiinae"",""Pseudonaja"",""Pseudonaja textilis""]"	"[""no rank"",""cellular root"",""domain"",""clade"",""kingdom"",""clade"",""clade"",""clade"",""phylum"",""subphylum"",""clade"",""clade"",""clade"",""clade"",""superclass"",""clade"",""clade"",""clade"",""clade"",""clade"",""class"",""order"",""clade"",""clade"",""clade"",""clade"",""infraorder"",""superfamily"",""family"",""subfamily"",""genus"",""species""]"	"[{""taxon_id"":""1"",""scientific_name"":""root"",""rank"":""no rank""},{""taxon_id"":""131567"",""scientific_name"":""cellular organisms"",""rank"":""cellular root""},{""taxon_id"":""2759"",""scientific_name"":""Eukaryota"",""rank"":""domain""},{""taxon_id"":""33154"",""scientific_name"":""Opisthokonta"",""rank"":""clade""},{""taxon_id"":""33208"",""scientific_name"":""Metazoa"",""rank"":""kingdom""},{""taxon_id"":""6072"",""scientific_name"":""Eumetazoa"",""rank"":""clade""},{""taxon_id"":""33213"",""scientific_name"":""Bilateria"",""rank"":""clade""},{""taxon_id"":""33511"",""scientific_name"":""Deuterostomia"",""rank"":""clade""},{""taxon_id"":""7711"",""scientific_name"":""Chordata"",""rank"":""phylum""},{""taxon_id"":""89593"",""scientific_name"":""Craniata"",""rank"":""subphylum""},{""taxon_id"":""7742"",""scientific_name"":""Vertebrata"",""rank"":""clade""},{""taxon_id"":""7776"",""scientific_name"":""Gnathostomata"",""rank"":""clade""},{""taxon_id"":""117570"",""scientific_name"":""Teleostomi"",""rank"":""clade""},{""taxon_id"":""117571"",""scientific_name"":""Euteleostomi"",""rank"":""clade""},{""taxon_id"":""8287"",""scientific_name"":""Sarcopterygii"",""rank"":""superclass""},{""taxon_id"":""1338369"",""scientific_name"":""Dipnotetrapodomorpha"",""rank"":""clade""},{""taxon_id"":""32523"",""scientific_name"":""Tetrapoda"",""rank"":""clade""},{""taxon_id"":""32524"",""scientific_name"":""Amniota"",""rank"":""clade""},{""taxon_id"":""8457"",""scientific_name"":""Sauropsida"",""rank"":""clade""},{""taxon_id"":""32561"",""scientific_name"":""Sauria"",""rank"":""clade""},{""taxon_id"":""8504"",""scientific_name"":""Lepidosauria"",""rank"":""class""},{""taxon_id"":""8509"",""scientific_name"":""Squamata"",""rank"":""order""},{""taxon_id"":""1329961"",""scientific_name"":""Bifurcata"",""rank"":""clade""},{""taxon_id"":""1329950"",""scientific_name"":""Unidentata"",""rank"":""clade""},{""taxon_id"":""1329912"",""scientific_name"":""Episquamata"",""rank"":""clade""},{""taxon_id"":""1329911"",""scientific_name"":""Toxicofera"",""rank"":""clade""},{""taxon_id"":""8570"",""scientific_name"":""Serpentes"",""rank"":""infraorder""},{""taxon_id"":""34989"",""scientific_name"":""Colubroidea"",""rank"":""superfamily""},{""taxon_id"":""8602"",""scientific_name"":""Elapidae"",""rank"":""family""},{""taxon_id"":""292440"",""scientific_name"":""Hydrophiinae"",""rank"":""subfamily""},{""taxon_id"":""8672"",""scientific_name"":""Pseudonaja"",""rank"":""genus""},{""taxon_id"":""8673"",""scientific_name"":""Pseudonaja textilis"",""rank"":""species""}]"	post-plan-non-decision-bearing-taxonomy-evidence	new_taxdump_2026-08-01	https://ftp.ncbi.nlm.nih.gov/pub/taxonomy/taxdump_archive/new_taxdump_2026-08-01.zip	2026-08-13T08:23:00Z	c3aac85da1bf473792e95bf8fe2d6933dcb31f2d649a3f8579e21011d772dca9	502ef4e7f1a8383e89d759b056524e8bcc16fe6950965f972d13f44411430f17	0.1.0
XP_029429046.1	194408	Rhinatrema bivittatum	species	194407	22	"[""1"",""131567"",""2759"",""33154"",""33208"",""6072"",""33213"",""33511"",""7711"",""89593"",""7742"",""7776"",""117570"",""117571"",""8287"",""1338369"",""32523"",""8292"",""8445"",""30380"",""194407"",""194408""]"	"[""root"",""cellular organisms"",""Eukaryota"",""Opisthokonta"",""Metazoa"",""Eumetazoa"",""Bilateria"",""Deuterostomia"",""Chordata"",""Craniata"",""Vertebrata"",""Gnathostomata"",""Teleostomi"",""Euteleostomi"",""Sarcopterygii"",""Dipnotetrapodomorpha"",""Tetrapoda"",""Amphibia"",""Gymnophiona"",""Rhinatrematidae"",""Rhinatrema"",""Rhinatrema bivittatum""]"	"[""no rank"",""cellular root"",""domain"",""clade"",""kingdom"",""clade"",""clade"",""clade"",""phylum"",""subphylum"",""clade"",""clade"",""clade"",""clade"",""superclass"",""clade"",""clade"",""class"",""order"",""family"",""genus"",""species""]"	"[{""taxon_id"":""1"",""scientific_name"":""root"",""rank"":""no rank""},{""taxon_id"":""131567"",""scientific_name"":""cellular organisms"",""rank"":""cellular root""},{""taxon_id"":""2759"",""scientific_name"":""Eukaryota"",""rank"":""domain""},{""taxon_id"":""33154"",""scientific_name"":""Opisthokonta"",""rank"":""clade""},{""taxon_id"":""33208"",""scientific_name"":""Metazoa"",""rank"":""kingdom""},{""taxon_id"":""6072"",""scientific_name"":""Eumetazoa"",""rank"":""clade""},{""taxon_id"":""33213"",""scientific_name"":""Bilateria"",""rank"":""clade""},{""taxon_id"":""33511"",""scientific_name"":""Deuterostomia"",""rank"":""clade""},{""taxon_id"":""7711"",""scientific_name"":""Chordata"",""rank"":""phylum""},{""taxon_id"":""89593"",""scientific_name"":""Craniata"",""rank"":""subphylum""},{""taxon_id"":""7742"",""scientific_name"":""Vertebrata"",""rank"":""clade""},{""taxon_id"":""7776"",""scientific_name"":""Gnathostomata"",""rank"":""clade""},{""taxon_id"":""117570"",""scientific_name"":""Teleostomi"",""rank"":""clade""},{""taxon_id"":""117571"",""scientific_name"":""Euteleostomi"",""rank"":""clade""},{""taxon_id"":""8287"",""scientific_name"":""Sarcopterygii"",""rank"":""superclass""},{""taxon_id"":""1338369"",""scientific_name"":""Dipnotetrapodomorpha"",""rank"":""clade""},{""taxon_id"":""32523"",""scientific_name"":""Tetrapoda"",""rank"":""clade""},{""taxon_id"":""8292"",""scientific_name"":""Amphibia"",""rank"":""class""},{""taxon_id"":""8445"",""scientific_name"":""Gymnophiona"",""rank"":""order""},{""taxon_id"":""30380"",""scientific_name"":""Rhinatrematidae"",""rank"":""family""},{""taxon_id"":""194407"",""scientific_name"":""Rhinatrema"",""rank"":""genus""},{""taxon_id"":""194408"",""scientific_name"":""Rhinatrema bivittatum"",""rank"":""species""}]"	post-plan-non-decision-bearing-taxonomy-evidence	new_taxdump_2026-08-01	https://ftp.ncbi.nlm.nih.gov/pub/taxonomy/taxdump_archive/new_taxdump_2026-08-01.zip	2026-08-13T08:23:00Z	c3aac85da1bf473792e95bf8fe2d6933dcb31f2d649a3f8579e21011d772dca9	502ef4e7f1a8383e89d759b056524e8bcc16fe6950965f972d13f44411430f17	0.1.0
XP_058140293.1	9361	Dasypus novemcinctus	species	9360	26	"[""1"",""131567"",""2759"",""33154"",""33208"",""6072"",""33213"",""33511"",""7711"",""89593"",""7742"",""7776"",""117570"",""117571"",""8287"",""1338369"",""32523"",""32524"",""40674"",""32525"",""9347"",""9348"",""948951"",""9359"",""9360"",""9361""]"	"[""root"",""cellular organisms"",""Eukaryota"",""Opisthokonta"",""Metazoa"",""Eumetazoa"",""Bilateria"",""Deuterostomia"",""Chordata"",""Craniata"",""Vertebrata"",""Gnathostomata"",""Teleostomi"",""Euteleostomi"",""Sarcopterygii"",""Dipnotetrapodomorpha"",""Tetrapoda"",""Amniota"",""Mammalia"",""Theria"",""Eutheria"",""Xenarthra"",""Cingulata"",""Dasypodidae"",""Dasypus"",""Dasypus novemcinctus""]"	"[""no rank"",""cellular root"",""domain"",""clade"",""kingdom"",""clade"",""clade"",""clade"",""phylum"",""subphylum"",""clade"",""clade"",""clade"",""clade"",""superclass"",""clade"",""clade"",""clade"",""class"",""clade"",""clade"",""superorder"",""order"",""family"",""genus"",""species""]"	"[{""taxon_id"":""1"",""scientific_name"":""root"",""rank"":""no rank""},{""taxon_id"":""131567"",""scientific_name"":""cellular organisms"",""rank"":""cellular root""},{""taxon_id"":""2759"",""scientific_name"":""Eukaryota"",""rank"":""domain""},{""taxon_id"":""33154"",""scientific_name"":""Opisthokonta"",""rank"":""clade""},{""taxon_id"":""33208"",""scientific_name"":""Metazoa"",""rank"":""kingdom""},{""taxon_id"":""6072"",""scientific_name"":""Eumetazoa"",""rank"":""clade""},{""taxon_id"":""33213"",""scientific_name"":""Bilateria"",""rank"":""clade""},{""taxon_id"":""33511"",""scientific_name"":""Deuterostomia"",""rank"":""clade""},{""taxon_id"":""7711"",""scientific_name"":""Chordata"",""rank"":""phylum""},{""taxon_id"":""89593"",""scientific_name"":""Craniata"",""rank"":""subphylum""},{""taxon_id"":""7742"",""scientific_name"":""Vertebrata"",""rank"":""clade""},{""taxon_id"":""7776"",""scientific_name"":""Gnathostomata"",""rank"":""clade""},{""taxon_id"":""117570"",""scientific_name"":""Teleostomi"",""rank"":""clade""},{""taxon_id"":""117571"",""scientific_name"":""Euteleostomi"",""rank"":""clade""},{""taxon_id"":""8287"",""scientific_name"":""Sarcopterygii"",""rank"":""superclass""},{""taxon_id"":""1338369"",""scientific_name"":""Dipnotetrapodomorpha"",""rank"":""clade""},{""taxon_id"":""32523"",""scientific_name"":""Tetrapoda"",""rank"":""clade""},{""taxon_id"":""32524"",""scientific_name"":""Amniota"",""rank"":""clade""},{""taxon_id"":""40674"",""scientific_name"":""Mammalia"",""rank"":""class""},{""taxon_id"":""32525"",""scientific_name"":""Theria"",""rank"":""clade""},{""taxon_id"":""9347"",""scientific_name"":""Eutheria"",""rank"":""clade""},{""taxon_id"":""9348"",""scientific_name"":""Xenarthra"",""rank"":""superorder""},{""taxon_id"":""948951"",""scientific_name"":""Cingulata"",""rank"":""order""},{""taxon_id"":""9359"",""scientific_name"":""Dasypodidae"",""rank"":""family""},{""taxon_id"":""9360"",""scientific_name"":""Dasypus"",""rank"":""genus""},{""taxon_id"":""9361"",""scientific_name"":""Dasypus novemcinctus"",""rank"":""species""}]"	post-plan-non-decision-bearing-taxonomy-evidence	new_taxdump_2026-08-01	https://ftp.ncbi.nlm.nih.gov/pub/taxonomy/taxdump_archive/new_taxdump_2026-08-01.zip	2026-08-13T08:23:00Z	c3aac85da1bf473792e95bf8fe2d6933dcb31f2d649a3f8579e21011d772dca9	502ef4e7f1a8383e89d759b056524e8bcc16fe6950965f972d13f44411430f17	0.1.0
XP_072775070.1	59729	Taeniopygia guttata	species	59728	37	"[""1"",""131567"",""2759"",""33154"",""33208"",""6072"",""33213"",""33511"",""7711"",""89593"",""7742"",""7776"",""117570"",""117571"",""8287"",""1338369"",""32523"",""32524"",""8457"",""32561"",""1329799"",""8492"",""436486"",""436489"",""436491"",""436492"",""8782"",""8825"",""3078114"",""3073808"",""3073809"",""9126"",""175121"",""37611"",""40155"",""59728"",""59729""]"	"[""root"",""cellular organisms"",""Eukaryota"",""Opisthokonta"",""Metazoa"",""Eumetazoa"",""Bilateria"",""Deuterostomia"",""Chordata"",""Craniata"",""Vertebrata"",""Gnathostomata"",""Teleostomi"",""Euteleostomi"",""Sarcopterygii"",""Dipnotetrapodomorpha"",""Tetrapoda"",""Amniota"",""Sauropsida"",""Sauria"",""Archelosauria"",""Archosauria"",""Dinosauria"",""Saurischia"",""Theropoda"",""Coelurosauria"",""Aves"",""Neognathae"",""Neoaves"",""Telluraves"",""Australaves"",""Passeriformes"",""Passeroidea"",""Estrildidae"",""Estrildinae"",""Taeniopygia"",""Taeniopygia guttata""]"	"[""no rank"",""cellular root"",""domain"",""clade"",""kingdom"",""clade"",""clade"",""clade"",""phylum"",""subphylum"",""clade"",""clade"",""clade"",""clade"",""superclass"",""clade"",""clade"",""clade"",""clade"",""clade"",""clade"",""clade"",""clade"",""clade"",""clade"",""clade"",""class"",""infraclass"",""clade"",""clade"",""clade"",""order"",""superfamily"",""family"",""subfamily"",""genus"",""species""]"	"[{""taxon_id"":""1"",""scientific_name"":""root"",""rank"":""no rank""},{""taxon_id"":""131567"",""scientific_name"":""cellular organisms"",""rank"":""cellular root""},{""taxon_id"":""2759"",""scientific_name"":""Eukaryota"",""rank"":""domain""},{""taxon_id"":""33154"",""scientific_name"":""Opisthokonta"",""rank"":""clade""},{""taxon_id"":""33208"",""scientific_name"":""Metazoa"",""rank"":""kingdom""},{""taxon_id"":""6072"",""scientific_name"":""Eumetazoa"",""rank"":""clade""},{""taxon_id"":""33213"",""scientific_name"":""Bilateria"",""rank"":""clade""},{""taxon_id"":""33511"",""scientific_name"":""Deuterostomia"",""rank"":""clade""},{""taxon_id"":""7711"",""scientific_name"":""Chordata"",""rank"":""phylum""},{""taxon_id"":""89593"",""scientific_name"":""Craniata"",""rank"":""subphylum""},{""taxon_id"":""7742"",""scientific_name"":""Vertebrata"",""rank"":""clade""},{""taxon_id"":""7776"",""scientific_name"":""Gnathostomata"",""rank"":""clade""},{""taxon_id"":""117570"",""scientific_name"":""Teleostomi"",""rank"":""clade""},{""taxon_id"":""117571"",""scientific_name"":""Euteleostomi"",""rank"":""clade""},{""taxon_id"":""8287"",""scientific_name"":""Sarcopterygii"",""rank"":""superclass""},{""taxon_id"":""1338369"",""scientific_name"":""Dipnotetrapodomorpha"",""rank"":""clade""},{""taxon_id"":""32523"",""scientific_name"":""Tetrapoda"",""rank"":""clade""},{""taxon_id"":""32524"",""scientific_name"":""Amniota"",""rank"":""clade""},{""taxon_id"":""8457"",""scientific_name"":""Sauropsida"",""rank"":""clade""},{""taxon_id"":""32561"",""scientific_name"":""Sauria"",""rank"":""clade""},{""taxon_id"":""1329799"",""scientific_name"":""Archelosauria"",""rank"":""clade""},{""taxon_id"":""8492"",""scientific_name"":""Archosauria"",""rank"":""clade""},{""taxon_id"":""436486"",""scientific_name"":""Dinosauria"",""rank"":""clade""},{""taxon_id"":""436489"",""scientific_name"":""Saurischia"",""rank"":""clade""},{""taxon_id"":""436491"",""scientific_name"":""Theropoda"",""rank"":""clade""},{""taxon_id"":""436492"",""scientific_name"":""Coelurosauria"",""rank"":""clade""},{""taxon_id"":""8782"",""scientific_name"":""Aves"",""rank"":""class""},{""taxon_id"":""8825"",""scientific_name"":""Neognathae"",""rank"":""infraclass""},{""taxon_id"":""3078114"",""scientific_name"":""Neoaves"",""rank"":""clade""},{""taxon_id"":""3073808"",""scientific_name"":""Telluraves"",""rank"":""clade""},{""taxon_id"":""3073809"",""scientific_name"":""Australaves"",""rank"":""clade""},{""taxon_id"":""9126"",""scientific_name"":""Passeriformes"",""rank"":""order""},{""taxon_id"":""175121"",""scientific_name"":""Passeroidea"",""rank"":""superfamily""},{""taxon_id"":""37611"",""scientific_name"":""Estrildidae"",""rank"":""family""},{""taxon_id"":""40155"",""scientific_name"":""Estrildinae"",""rank"":""subfamily""},{""taxon_id"":""59728"",""scientific_name"":""Taeniopygia"",""rank"":""genus""},{""taxon_id"":""59729"",""scientific_name"":""Taeniopygia guttata"",""rank"":""species""}]"	post-plan-non-decision-bearing-taxonomy-evidence	new_taxdump_2026-08-01	https://ftp.ncbi.nlm.nih.gov/pub/taxonomy/taxdump_archive/new_taxdump_2026-08-01.zip	2026-08-13T08:23:00Z	c3aac85da1bf473792e95bf8fe2d6933dcb31f2d649a3f8579e21011d772dca9	502ef4e7f1a8383e89d759b056524e8bcc16fe6950965f972d13f44411430f17	0.1.0
